,lemma,original_form,tag
119,*,abandoning,ZN-S3-PP----
137,*,abbreviated,ZA----PA----
144,*,abdicated,ZA----PA----
152,*,abducting,ZN-S3-PP----
162,*,abhorring,ZN-S3-PP----
182,*,abolished,ZA----PA----
190,*,abominated,ZA----PA----
198,*,aborting,ZN-S3-PP----
205,*,abounding,ZN-S3-PP----
215,*,abridged,ZA----PA----
229,*,absconding,ZN-S3-PP----
234,*,abseiling,ZN-S3-PP----
244,*,absolved,ZA----PA----
250,*,absorbing,ZN-S3-PP----
257,*,abstaining,ZN-S3-PP----
265,*,abstracting,ZN-S3-PP----
273,*,abusing,ZA----PP----
291,*,accelerated,ZA----PA----
302,*,accentuated,ZA----PA----
310,*,accepting,ZN-S3-PP----
328,*,acclimated,ZA----PA----
336,*,acclimatised,ZA----PA----
345,*,accommodated,ZA----PA----
353,*,accompanied,ZA----PA----
358,*,accomplished,ZA----PA----
369,*,accosting,ZN-S3-PP----
381,*,accrediting,ZN-S3-PP----
388,*,accrued,ZA----PA----
401,*,accused,ZA----PA----
408,*,accustoming,ZN-S3-PP----
419,*,ached,ZA----PA----
431,*,acidified,ZA----PA----
438,*,acknowledged,ZN-S3DPA----
449,*,acquainting,ZN-S3-PP----
458,*,acquired,ZA----PA----
483,*,activated,ZA----PA----
495,*,actuated,ZA----PA----
508,*,adapting,ZN-S3-PP----
517,*,adding,ZN-S3-PP----
531,*,addled,ZA----PA----
538,*,addressing,ZA----PP----
542,*,adduced,ZA----PA----
552,*,adhered,ZA----PA----
565,*,adjourning,ZN-S3-PP----
569,*,adjudged,ZA----PA----
581,*,adjusting,ZN-S3-PP----
592,*,administering,ZN-S3-PP----
600,*,admired,ZA----PA----
612,*,admonished,ZA----PA----
620,*,adopting,ZN-S3-PP----
625,*,adored,ZA----PA----
630,*,adorning,ZN-S3-PP----
636,*,adsorbing,ZN-S3-PP----
666,*,advertised,ZA----PA----
673,*,advertized,ZA----PA----
706,*,affecting,ZN-S3-PP----
715,*,affiliating,ZA----PP----
721,*,affirming,ZN-S3-PP----
732,*,afflicting,ZN-S3-PP----
738,*,affording,ZN-S3-PP----
773,*,agglomerated,ZA----PA----
779,*,agglutinated,ZA----PA----
801,*,aggrieved,ZA----PA----
814,*,agonised,ZA----PA----
819,*,agonized,ZA----PA----
831,*,agreeing,ZN-S3-PP----
848,*,ailing,ZN-S3-PP----
941,*,alienated,ZA----PA----
952,*,aligning,ZN-S3-PP----
963,*,allaying,ZN-S3-PP----
967,*,alleged,ZN-S3-PA----
977,*,alleviated,ZA----PA----
1000,*,allowing,ZN-S3-PP----
1011,*,alluded,ZA----PA----
1034,*,alphabetized,ZA----PA----
1047,*,altering,ZN-S3-PP----
1054,*,alternated,ZA----PA----
1069,*,amalgamated,ZA----PA----
1077,*,amassed,ZA----PA----
1082,*,amazed,ZA----PA----
1106,*,amending,ZN-S3-PP----
1114,*,americanised,ZA----PA----
1137,*,amortised,ZA----PA----
1143,*,amortized,ZA----PA----
1169,*,amplified,ZA----PA----
1175,*,amputated,ZA----PA----
1182,*,amused,ZA----PA----
1191,*,anaesthetised,ZA----PA----
1197,*,anaesthetized,ZA----PA----
1249,*,anesthetized,ZA----PA----
1282,*,animated,ZA----PA----
1298,*,annexing,ZA----PP----
1312,*,annotated,ZA----PA----
1318,*,announced,ZN-S3-PA----
1325,*,annoying,ZN-S3-PP----
1334,*,annulling,ZN-S3-PP----
1343,*,anointing,ZN-S3-PP----
1348,*,anonymised,ZA----PA----
1360,*,antagonised,ZA----PA----
1366,*,antagonized,ZA----PA----
1507,*,apologised,ZA----PA----
1513,*,apologized,ZA----PA----
1523,*,apostatized,ZA----PA----
1535,*,appalling,ZN-S3-PP----
1540,*,appalling,ZN-S3-PP----
1550,*,appearing,ZN-S3-PP----
1556,*,appeased,ZA----PA----
1564,*,appending,ZN-S3-PP----
1575,*,applauding,ZN-S3-PP----
1593,*,appointing,ZN-S3-PP----
1599,*,apportioning,ZN-S3-PP----
1606,*,appraised,ZA----PA----
1611,*,appreciated,ZA----PA----
1618,*,apprehending,ZN-S3-PP----
1625,*,apprenticing,ZA----PP----
1629,*,apprised,ZA----PA----
1644,*,approved,ZA----PA----
1678,*,arbitrated,ZA----PA----
1727,*,argued,ZN-S3-PA----
1735,*,arisen,ZA----PA----
1739,*,arising,ZN-S3-PP----
1770,*,aroused,ZA----PA----
1776,*,arraigning,ZN-S3-PP----
1780,*,arranged,ZA----PA----
1796,*,arrived,ZA----PA----
1839,*,ascending,ZN-S3-PP----
1845,*,ascertaining,ZN-S3-PP----
1860,*,asking,ZN-S3-PP----
1874,*,asphyxiated,ZA----PA----
1881,*,aspirated,ZA----PA----
1886,*,aspired,ZA----PA----
1894,*,assailing,ZN-S3-PP----
1899,*,assassinated,ZA----PA----
1912,*,assembled,ZA----PA----
1924,*,asserting,ZN-S3-PP----
1929,*,assessed,ZA----PA----
1939,*,assigning,ZN-S3-PP----
1962,*,assuaged,ZA----PA----
1968,*,assumed,ZN-S3DPA----
1984,*,astonished,ZA----PA----
1990,*,astounding,ZN-S3-PP----
2009,*,atomised,ZA----PA----
2014,*,atomized,ZA----PA----
2020,*,atoned,ZA----PA----
2033,*,attaching,ZA----PP----
2043,*,attaining,ZN-S3-PP----
2053,*,attending,ZN-S3-PP----
2062,*,attenuated,ZA----PA----
2068,*,attesting,ZN-S3-PP----
2075,*,attiring,ZA----PP----
2081,*,attracting,ZN-S3-PP----
2088,*,attributing,ZA----PP----
2092,*,attuned,ZA----PA----
2120,*,augmenting,ZN-S3-PP----
2126,*,auguring,ZN-S3-PP----
2152,*,authorised,ZA----PA----
2160,*,authorized,ZA----PA----
2213,*,averring,ZN-S3-PP----
2218,*,averaging,ZA----PP----
2223,*,averting,ZN-S3-PP----
2234,*,avoiding,ZN-S3DPP----
2239,*,avowing,ZN-S3-PP----
2246,*,awaiting,ZN-S3-PP----
2251,*,awaking,ZN-S3-PP----
2256,*,awakening,ZN-S3-PP----
2292,*,babbled,ZA----PA----
2327,*,backdated,ZA----PA----
2366,*,backtracking,ZN-S3-PP----
2388,*,baffled,ZA----PA----
2415,*,baked,ZA----PA----
2465,*,bamboozled,ZA----PA----
2501,*,banished,ZA----PA----
2515,*,bankrolling,ZN-S3-PP----
2521,*,bankrupting,ZN-S3-PP----
2542,*,baptized,ZA----PA----
2650,*,basking,ZN-S3-PP----
2663,*,basted,ZA----PA----
2724,*,bawling,ZN-S3-PP----
2792,*,beatified,ZA----PA----
2802,*,beautified,ZA----PA----
2814,*,beckoning,ZN-S3-PP----
2838,*,bedevilling,ZN-S3-PP----
2881,*,befalling,ZN-S3-PP----
2889,*,befriending,ZN-S3-PP----
2897,*,begging,ZN-S3-PP----
2911,*,beginning,ZN-S3-PP----
2927,*,behaved,ZA----PA----
2935,*,beheading,ZN-S3-PP----
2953,*,behooved,ZE----PA----
2972,*,beleaguering,ZN-S3-PP----
2980,*,belied,ZA----PA----
2985,*,believed,ZN-S3-PA----
2991,*,belittled,ZA----PA----
3009,*,belonging,ZN-S3-PP----
3018,*,belied,ZA----PA----
3023,*,bemoaning,ZN-S3-PP----
3062,*,bequeathing,ZN-S3-PP----
3069,*,berated,ZA----PA----
3113,*,bestowing,ZN-S3-PP----
3143,*,betraying,ZN-S3-PP----
3149,*,betrothing,ZN-S3-PP----
3165,*,bewildering,ZN-S3-PP----
3169,*,bewitched,ZA----PA----
3194,*,bickering,ZN-S3-PP----
3210,*,bided,ZA----PA----
3257,*,billowing,ZN-S3-PP----
3384,*,bisecting,ZN-S3-PP----
3422,*,blabbing,ZN-S3-PP----
3426,*,blabbering,ZN-S3-PP----
3434,*,blackballing,ZN-S3-PP----
3445,*,blackening,ZN-S3-PP----
3480,*,blared,ZA----PA----
3497,*,blathering,ZN-S3-PP----
3521,*,bleating,ZN-S3-PP----
3526,*,bleeding,ZN-S3-PP----
3560,*,blinding,ZN-S3-PP----
3564,*,blindfolding,ZN-S3-PP----
3572,*,blinkering,ZN-S3-PP----
3580,*,blistering,ZN-S3-PP----
3591,*,bloating,ZN-S3-PP----
3677,*,blubbering,ZN-S3-PP----
3681,*,bludgeoning,ZN-S3-PP----
3708,*,blunting,ZN-S3-PP----
3713,*,blurring,ZN-S3-PP----
3719,*,blurting,ZN-S3-PP----
3772,*,boggled,ZA----PA----
3797,*,bolstering,ZN-S3-PP----
3918,*,borrowing,ZN-S3-PP----
3943,*,bothering,ZN-S3-PP----
3951,*,bottle-feeding,ZN-S3-PP----
4025,*,bragging,ZN-S3-PP----
4041,*,brainwashed,ZA----PA----
4056,*,braking,ZA----PP----
4098,*,breached,ZA----PA----
4141,*,breastfeeding,ZN-S3-PP----
4152,*,breathalyzed,ZA----PA----
4157,*,breathed,ZA----PA----
4206,*,bridling,ZA----PP----
4227,*,brightening,ZN-S3-PP----
4239,*,bringing,ZN-S3-PP----
4269,*,broadening,ZN-S3-PP----
4278,*,broiling,ZN-S3-PP----
4327,*,browbeating,ZN-S3-PP----
4349,*,brushing,ZA----PP----
4355,*,brutalised,ZA----PA----
4360,*,brutalized,ZA----PA----
4408,*,buffing,ZN-S3-PP----
4442,*,bulged,ZA----PA----
4456,*,bulldozed,ZA----PA----
4501,*,bungled,ZA----PA----
4519,*,buoying,ZN-S3-PP----
4525,*,burbled,ZA----PA----
4539,*,burgeoning,ZN-S3-PP----
4546,*,burglarized,ZA----PA----
4552,*,burgled,ZA----PA----
4574,*,burping,ZN-S3-PP----
4581,*,burrowing,ZN-S3-PP----
4590,*,buried,ZA----PA----
4612,*,busking,ZN-S3-PP----
4671,*,buying,ZN-S3-PP----
4747,*,cadged,ZA----PA----
4786,*,calculated,ZA----PA----
4797,*,calibrated,ZA----PA----
4894,*,cancelling,ZN-S3-PP----
4917,*,cannibalised,ZA----PA----
4935,*,canonised,ZA----PA----
4940,*,canonized,ZA----PA----
4946,*,canoodled,ZA----PA----
4973,*,canvassing,ZA----PP----
4991,*,capitalised,ZA----PA----
4997,*,capitalized,ZA----PA----
5002,*,capitulated,ZA----PA----
5023,*,captivated,ZA----PA----
5040,*,caramelised,ZA----PA----
5076,*,careening,ZN-S3-PP----
5088,*,caressed,ZA----PA----
5112,*,caroused,ZA----PA----
5132,*,carried,ZA----PA----
5155,*,carved,ZA----PA----
5175,*,cashed,ZA----PA----
5203,*,castigated,ZA----PA----
5213,*,castrated,ZA----PA----
5233,*,catalysing,ZA----PP----
5239,*,catalyzed,ZA----PA----
5267,*,categorised,ZA----PA----
5273,*,categorized,ZA----PA----
5281,*,catering,ZN-S3-PP----
5310,*,caulking,ZN-S3-PP----
5317,*,causing,ZA----PP----
5321,*,cauterized,ZA----PA----
5343,*,cavilling,ZN-S3-PP----
5349,*,cavorting,ZN-S3-PP----
5358,*,ceased,ZA----PA----
5364,*,ceded,ZA----PA----
5374,*,celebrated,ZA----PA----
5424,*,centralised,ZA----PA----
5431,*,centralized,ZA----PA----
5468,*,certified,ZA----PA----
5567,*,charring,ZN-S3-PP----
5576,*,characterised,ZA----PA----
5582,*,characterized,ZA----PA----
5612,*,chasing,ZA----PP----
5618,*,chastening,ZN-S3-PP----
5647,*,cheapening,ZN-S3-PP----
5729,*,chewing,ZN-S3-PP----
5793,*,chirping,ZN-S3-PP----
5808,*,chiselling,ZN-S3-PP----
5815,*,chivvied,ZA----PA----
5823,*,chlorinated,ZA----PA----
5844,*,choked,ZA----PA----
5856,*,chomping,ZN-S3-PP----
5860,*,choosing,ZN-S3-PP----
5882,*,choreographing,ZN-S3-PP----
5896,*,christening,ZN-S3-PP----
5902,*,christianized,ZA----PA----
5936,*,chugging,ZN-S3-PP----
5960,*,churning,ZN-S3-PP----
5997,*,circulated,ZA----PA----
6017,*,circumscribed,ZA----PA----
6024,*,circumventing,ZN-S3-PP----
6035,*,cited,ZA----PA----
6051,*,civilised,ZA----PA----
6057,*,civilized,ZA----PA----
6070,*,clambering,ZN-S3-PP----
6091,*,clanging,ZN-S3-PP----
6099,*,clanking,ZN-S3-PP----
6112,*,clarified,ZA----PA----
6135,*,classified,ZA----PA----
6147,*,clattering,ZN-S3-PP----
6157,*,clawing,ZN-S3-PP----
6233,*,clinched,ZA----PA----
6239,*,clinging,ZA----PP----
6247,*,clinking,ZN-S3-PP----
6264,*,clobbering,ZN-S3-PP----
6278,*,cloistering,ZN-S3-PP----
6309,*,clothing,ZA----PP----
6336,*,clucking,ZN-S3-PP----
6376,*,coagulated,ZA----PA----
6383,*,coalesced,ZA----PA----
6395,*,coarsening,ZN-S3-PP----
6414,*,coaxed,ZA----PA----
6434,*,cocking,ZN-S3-PP----
6460,*,coddled,ZA----PA----
6470,*,co-developing,ZN-S3-PP----
6478,*,codified,ZA----PA----
6491,*,coerced,ZA----PA----
6502,*,coexisting,ZN-S3-PP----
6506,*,co-existing,ZN-S3-PP----
6521,*,cogitated,ZA----PA----
6528,*,cognized,ZA----PA----
6537,*,cohabiting,ZN-S3-PP----
6563,*,coincided,ZA----PA----
6597,*,collaborated,ZA----PA----
6613,*,collated,ZA----PA----
6622,*,collecting,ZN-S3-PP----
6634,*,collided,ZA----PA----
6655,*,colluded,ZA----PA----
6669,*,colonised,ZA----PA----
6676,*,colonized,ZA----PA----
6709,*,combing,ZN-S3-PP----
6764,*,commandeering,ZN-S3-PP----
6771,*,commemorated,ZA----PA----
6777,*,commenced,ZA----PA----
6784,*,commending,ZN-S3-PP----
6793,*,commentated,ZA----PA----
6801,*,commercialised,ZA----PA----
6854,*,communicated,ZA----PA----
6886,*,compared,ZA----PA----
6908,*,compelling,ZN-S3-PP----
6914,*,compensated,ZA----PA----
6924,*,competed,ZA----PA----
6934,*,compiled,ZA----PA----
6940,*,complaining,ZN-S3-PP----
6948,*,complementing,ZN-S3-PP----
6963,*,complicated,ZA----PA----
6971,*,complied,ZA----PA----
6980,*,comporting,ZN-S3-PP----
7004,*,comprehending,ZN-S3-PP----
7009,*,compressed,ZA----PA----
7015,*,comprised,ZA----PA----
7021,*,compromising,ZA----PP----
7027,*,computed,ZA----PA----
7032,*,computerised,ZA----PA----
7054,*,concealing,ZN-S3-PP----
7062,*,conceived,ZA----PA----
7075,*,conceptualised,ZA----PA----
7081,*,conceptualized,ZA----PA----
7101,*,conciliated,ZA----PA----
7108,*,concluded,ZA----PA----
7114,*,concocting,ZN-S3-PP----
7129,*,concurring,ZN-S3-PP----
7141,*,condemning,ZN-S3-PP----
7149,*,condensed,ZA----PA----
7173,*,condoned,ZA----PA----
7198,*,conferring,ZN-S3-PP----
7206,*,confessed,ZN-S3DPA----
7219,*,configured,ZA----PA----
7229,*,confirming,ZN-S3-PP----
7234,*,confiscated,ZA----PA----
7241,*,conflated,ZA----PA----
7249,*,conforming,ZN-S3-PP----
7264,*,confronting,ZN-S3-PP----
7269,*,confused,ZA----PA----
7277,*,congealing,ZN-S3-PP----
7282,*,congesting,ZN-S3-PP----
7289,*,congratulated,ZA----PA----
7295,*,congregated,ZA----PA----
7332,*,connecting,ZN-S3-PP----
7343,*,connived,ZA----PA----
7349,*,connoted,ZA----PA----
7354,*,conquering,ZN-S3-PP----
7365,*,consecrated,ZA----PA----
7381,*,conserved,ZA----PA----
7388,*,considering,ZN-S3DPP----
7393,*,consigning,ZN-S3-PP----
7400,*,consisting,ZN-S3-PP----
7425,*,conspired,ZA----PA----
7438,*,constituted,ZA----PA----
7446,*,constraining,ZN-S3-PP----
7451,*,constricting,ZN-S3-PP----
7458,*,constructing,ZN-S3-PP----
7465,*,construed,ZA----PA----
7472,*,consulting,ZN-S3-PP----
7479,*,consumed,ZA----PA----
7487,*,consummated,ZA----PA----
7499,*,containing,ZN-S3-PP----
7504,*,containerised,ZA----PA----
7511,*,contaminated,ZA----PA----
7524,*,contending,ZN-S3-PP----
7537,*,contextualised,ZA----PA----
7550,*,continued,ZA----PA----
7578,*,contradicting,ZN-S3-PP----
7588,*,contra-indicated,ZN-S3DPA----
7599,*,contravened,ZA----PA----
7605,*,contributed,ZA----PA----
7613,*,contrived,ZA----PA----
7634,*,convened,ZA----PA----
7652,*,conversed,ZA----PA----
7664,*,conveying,ZN-S3-PP----
7675,*,convinced,ZN-S3-PA----
7685,*,convulsed,ZA----PA----
7736,*,co-opting,ZN-S3-PP----
7757,*,coped,ZA----PA----
7787,*,copulated,ZA----PA----
7795,*,copying,ZA----PP----
7812,*,cordoning,ZN-S3-PP----
7874,*,correcting,ZN-S3-PP----
7883,*,correlated,ZA----PA----
7893,*,corresponding,ZN-S3-PP----
7903,*,corroded,ZA----PA----
7914,*,corrupting,ZN-S3-PP----
7947,*,cosseting,ZN-S3-PP----
8013,*,counteracting,ZN-S3-PP----
8026,*,counterbalanced,ZA----PA----
8046,*,counterfeiting,ZN-S3-PP----
8147,*,coveting,ZN-S3-PP----
8161,*,cowering,ZN-S3-PP----
8187,*,crackled,ZA----PA----
8196,*,cradling,ZA----PP----
8214,*,cramming,ZN-S3-PP----
8282,*,creaking,ZN-S3-PP----
8324,*,creeping,ZN-S3-PP----
8335,*,cremated,ZA----PA----
8370,*,criminalised,ZA----PA----
8382,*,crimping,ZN-S3-PP----
8386,*,cringed,ZA----PA----
8421,*,criticised,ZA----PA----
8427,*,criticized,ZA----PA----
8434,*,critiquing,ZA----PP----
8439,*,croaking,ZN-S3-PP----
8444,*,crocheting,ZN-S3-PP----
8459,*,crooning,ZN-S3-PP----
8488,*,cross-checking,ZN-S3-PP----
8507,*,cross-linking,ZN-S3-PP----
8537,*,crouching,ZA----PP----
8571,*,cruising,ZA----PP----
8576,*,crumbled,ZA----PA----
8600,*,crusading,ZA----PP----
8632,*,crystallised,ZA----PA----
8639,*,crystallized,ZA----PA----
8671,*,cuffing,ZN-S3-PP----
8688,*,culling,ZN-S3-PP----
8701,*,cultivated,ZA----PA----
8709,*,culturing,ZA----PP----
8733,*,curbing,ZN-S3-PP----
8739,*,curdled,ZA----PA----
8778,*,curtailing,ZN-S3-PP----
8791,*,curtsying,ZA----PP----
8809,*,cussed,ZA----PA----
8821,*,customised,ZA----PA----
8826,*,customized,ZA----PA----
8891,*,dabbing,ZN-S3-PP----
8945,*,dampening,ZN-S3-PP----
8966,*,dangled,ZA----PA----
8986,*,darkening,ZN-S3-PP----
8993,*,darning,ZN-S3-PP----
9014,*,daubing,ZN-S3-PP----
9021,*,daunting,ZN-S3-PP----
9060,*,deadening,ZN-S3-PP----
9076,*,deafening,ZN-S3-PP----
9082,*,dealing,ZA----PP----
9135,*,debugging,ZN-S3-PP----
9139,*,debunking,ZN-S3-PP----
9155,*,decamping,ZN-S3-PP----
9162,*,decapitated,ZA----PA----
9182,*,deceived,ZA----PA----
9189,*,decelerated,ZA----PA----
9202,*,decentralized,ZA----PA----
9209,*,decided,ZN-S3-PA----
9216,*,decimalized,ZA----PA----
9225,*,deciphering,ZN-S3-PP----
9241,*,declared,ZN-S3-PA----
9258,*,decoded,ZA----PA----
9269,*,decommissioning,ZN-S3-PP----
9278,*,decompressed,ZA----PA----
9296,*,decorated,ZA----PA----
9329,*,deduced,ZA----PA----
9335,*,deducting,ZN-S3-PP----
9342,*,deeming,ZN-S3-PP----
9350,*,de-emphasized,ZN-S3DPA----
9358,*,deepening,ZN-S3-PP----
9388,*,defecated,ZA----PA----
9399,*,defending,ZN-S3-PP----
9406,*,deferring,ZN-S3-PP----
9417,*,defiled,ZA----PA----
9422,*,defined,ZN-S3-PA----
9428,*,deflated,ZA----PA----
9436,*,deflecting,ZN-S3-PP----
9447,*,deforesting,ZN-S3-PP----
9451,*,deforming,ZN-S3-PP----
9462,*,defrauding,ZN-S3-PP----
9495,*,degraded,ZA----PA----
9525,*,deigning,ZN-S3-PP----
9543,*,delegating,ZA----PP----
9547,*,deleted,ZA----PA----
9572,*,delineated,ZA----PA----
9588,*,delivering,ZN-S3-PP----
9608,*,delved,ZA----PA----
9617,*,demarcated,ZA----PA----
9622,*,dematerialised,ZA----PA----
9637,*,demilitarised,ZA----PA----
9662,*,demobilized,ZA----PA----
9669,*,democratised,ZA----PA----
9683,*,demolished,ZA----PA----
9689,*,demonised,ZA----PA----
9717,*,demurring,ZN-S3-PP----
9738,*,denigrated,ZA----PA----
9752,*,denoted,ZA----PA----
9758,*,denounced,ZA----PA----
9773,*,denuded,ZA----PA----
9780,*,denied,ZN-S3-PA----
9794,*,departing,ZN-S3-PP----
9800,*,depending,ZN-S3-PP----
9814,*,depicting,ZN-S3-PP----
9818,*,depleted,ZA----PA----
9824,*,deplored,ZA----PA----
9830,*,deploying,ZN-S3-PP----
9846,*,deporting,ZN-S3-PP----
9865,*,deprecated,ZA----PA----
9875,*,depressed,ZA----PA----
9883,*,deprived,ZA----PA----
9899,*,derailing,ZN-S3-PP----
9911,*,deregulated,ZA----PA----
9920,*,derided,ZA----PA----
9926,*,derived,ZA----PA----
9942,*,descending,ZN-S3-PP----
9948,*,described,ZA----PA----
9970,*,de-selecting,ZN-S3-PP----
9987,*,deserved,ZA----PA----
9998,*,designated,ZA----PA----
10014,*,desisting,ZN-S3-PP----
10033,*,despoiling,ZN-S3-PP----
10041,*,destabilised,ZA----PA----
10050,*,destabilized,ZA----PA----
10056,*,destined,ZA----PA----
10063,*,destroying,ZN-S3-PP----
10069,*,destructing,ZN-S3-PP----
10075,*,detached,ZA----PA----
10084,*,detaining,ZN-S3-PP----
10091,*,detecting,ZN-S3-PP----
10100,*,deterring,ZN-S3-PP----
10104,*,deteriorated,ZA----PA----
10114,*,determined,ZN-S3-PA----
10123,*,detesting,ZN-S3-PP----
10144,*,detracting,ZN-S3-PP----
10160,*,devalued,ZA----PA----
10170,*,developing,ZN-S3-PP----
10186,*,devised,ZA----PA----
10192,*,devolved,ZA----PA----
10204,*,devouring,ZN-S3-PP----
10254,*,diced,ZA----PA----
10260,*,dicing,ZN-S3-PP----
10270,*,dictated,ZN-S3-PA----
10283,*,diddling,ZN-S3-PP----
10300,*,differing,ZN-S3-PP----
10305,*,differentiated,ZA----PA----
10325,*,digesting,ZN-S3-PP----
10339,*,digitized,ZA----PA----
10345,*,dignified,ZA----PA----
10351,*,digressed,ZA----PA----
10370,*,diluted,ZA----PA----
10378,*,dimming,ZN-S3-PP----
10399,*,dined,ZA----PA----
10438,*,directing,ZN-S3-PP----
10468,*,disabled,ZA----PA----
10489,*,disagreeing,ZN-S3-PP----
10495,*,disallowing,ZN-S3-PP----
10500,*,disambiguated,ZA----PA----
10507,*,disappearing,ZN-S3-PP----
10513,*,disappointing,ZN-S3-PP----
10518,*,disapproved,ZA----PA----
10524,*,disarming,ZN-S3-PP----
10543,*,disavowing,ZN-S3-PP----
10549,*,disbanding,ZN-S3-PP----
10568,*,discarding,ZN-S3-PP----
10572,*,discerning,ZN-S3-PP----
10577,*,discharging,ZA----PP----
10598,*,discoloring,ZN-S3-PP----
10603,*,discolouring,ZN-S3-PP----
10608,*,discomfiting,ZN-S3-PP----
10621,*,disconnecting,ZN-S3-PP----
10631,*,discontinued,ZA----PA----
10661,*,discovering,ZN-S3-PP----
10668,*,discrediting,ZN-S3-PP----
10692,*,disembarking,ZN-S3-PP----
10700,*,disembowelling,ZN-S3-PP----
10712,*,disenfranchised,ZA----PA----
10721,*,disentangled,ZA----PA----
10734,*,disfigured,ZA----PA----
10785,*,disillusioning,ZN-S3-PP----
10799,*,disinfecting,ZN-S3-PP----
10847,*,dismasting,ZN-S3-PP----
10854,*,dismembering,ZN-S3-PP----
10859,*,dismissed,ZA----PA----
10870,*,disobeying,ZN-S3-PP----
10907,*,dispatching,ZA----PP----
10912,*,dispelling,ZN-S3-PP----
10918,*,dispensed,ZA----PA----
10925,*,dispersed,ZA----PA----
10936,*,displaced,ZA----PA----
10945,*,displeased,ZA----PA----
10955,*,disposed,ZA----PA----
10963,*,dispossessed,ZA----PA----
10978,*,disputing,ZA----PP----
10981,*,disqualified,ZA----PA----
10992,*,disregarding,ZN-S3-PP----
11003,*,disrupting,ZN-S3-PP----
11015,*,dissecting,ZN-S3-PP----
11042,*,dissipated,ZA----PA----
11049,*,dissociated,ZA----PA----
11056,*,dissolved,ZA----PA----
11061,*,dissuaded,ZA----PA----
11069,*,distancing,ZA----PP----
11074,*,distending,ZN-S3-PP----
11081,*,distilling,ZN-S3-PP----
11085,*,distilling,ZN-S3-PP----
11093,*,distinguished,ZN-S3-PA----
11099,*,distorting,ZN-S3-PP----
11104,*,distracting,ZN-S3-PP----
11129,*,disturbing,ZN-S3-PP----
11144,*,dithering,ZN-S3-PP----
11163,*,diverged,ZA----PA----
11169,*,diversified,ZA----PA----
11176,*,diverting,ZN-S3-PP----
11180,*,divesting,ZN-S3-PP----
11242,*,dodged,ZA----PA----
11256,*,doffing,ZN-S3-PP----
11306,*,domineering,ZN-S3-PP----
11315,*,donated,ZA----PA----
11359,*,dosing,ZA----PP----
11365,*,dossed,ZA----PA----
11444,*,downplaying,ZN-S3-PP----
11467,*,dozed,ZA----PA----
11505,*,dramatised,ZA----PA----
11513,*,dramatized,ZA----PA----
11544,*,drawling,ZN-S3-PP----
11567,*,drenched,ZA----PA----
11598,*,dripping,ZN-S3-PP----
11612,*,drivelling,ZN-S3-PP----
11630,*,drooling,ZN-S3-PP----
11635,*,drooping,ZN-S3-PP----
11649,*,drowning,ZN-S3-PP----
11691,*,dubbing,ZN-S3-PP----
11717,*,dulling,ZN-S3-PP----
11744,*,dunking,ZN-S3-PP----
11752,*,duped,ZA----PA----
11796,*,dwelling,ZN-S3-PP----
11804,*,dwindled,ZA----PA----
11844,*,earmarking,ZN-S3-PP----
11849,*,earning,ZN-S3-PP----
11881,*,eating,ZN-S3-PP----
11888,*,eavesdropping,ZN-S3-PP----
11914,*,eclipsing,ZA----PP----
11919,*,economised,ZA----PA----
11924,*,economized,ZA----PA----
11949,*,edified,ZA----PA----
11959,*,editorialised,ZA----PA----
11968,*,educated,ZA----PA----
11980,*,effing,ZN-S3-PP----
12033,*,ejaculated,ZA----PA----
12039,*,ejecting,ZN-S3-PP----
12049,*,elaborated,ZA----PA----
12073,*,electing,ZN-S3-PP----
12084,*,electrified,ZA----PA----
12105,*,electroplated,ZA----PA----
12115,*,elevated,ZA----PA----
12124,*,eliciting,ZN-S3-PP----
12145,*,elongated,ZA----PA----
12154,*,elucidated,ZA----PA----
12160,*,eluded,ZA----PA----
12176,*,emanated,ZA----PA----
12182,*,emancipated,ZA----PA----
12192,*,embalming,ZN-S3-PP----
12200,*,embargoed,ZA----PA----
12207,*,embarking,ZN-S3-PP----
12212,*,embarrassed,ZA----PA----
12228,*,embezzled,ZA----PA----
12234,*,embittering,ZN-S3-PP----
12239,*,emblazoning,ZN-S3-PP----
12244,*,embodied,ZA----PA----
12249,*,emboldening,ZN-S3-PP----
12260,*,embracing,ZA----PP----
12266,*,embroidering,ZN-S3-PP----
12272,*,embroiling,ZN-S3-PP----
12282,*,emerged,ZA----PA----
12292,*,emigrated,ZA----PA----
12312,*,emoted,ZA----PA----
12326,*,emphasised,ZA----PA----
12331,*,emphasized,ZN-S3DPA----
12343,*,employing,ZN-S3-PP----
12354,*,empowering,ZN-S3-PP----
12367,*,emulated,ZA----PA----
12376,*,enabled,ZA----PA----
12383,*,enacting,ZN-S3-PP----
12406,*,encapsulated,ZA----PA----
12412,*,encased,ZA----PA----
12422,*,enchanting,ZN-S3-PP----
12430,*,enciphering,ZN-S3-PP----
12437,*,enclosed,ZA----PA----
12443,*,encoded,ZA----PA----
12453,*,encompassed,ZA----PA----
12462,*,encouraged,ZA----PA----
12473,*,encrusting,ZN-S3-PP----
12478,*,encrypting,ZN-S3-PP----
12483,*,encumbering,ZN-S3-PP----
12496,*,endangering,ZN-S3-PP----
12501,*,endearing,ZN-S3-PP----
12522,*,endorsed,ZA----PA----
12534,*,endowing,ZN-S3-PP----
12549,*,energised,ZA----PA----
12558,*,enervated,ZA----PA----
12583,*,engendering,ZN-S3-PP----
12602,*,engraved,ZA----PA----
12615,*,engulfing,ZN-S3-PP----
12625,*,enjoining,ZN-S3-PP----
12630,*,enjoying,ZN-S3DPP----
12633,*,enlarged,ZA----PA----
12641,*,enlightening,ZN-S3-PP----
12645,*,enlisting,ZN-S3-PP----
12650,*,enlivening,ZN-S3-PP----
12659,*,ennobled,ZA----PA----
12670,*,enraged,ZA----PA----
12683,*,enrolling,ZN-S3-PP----
12687,*,enrolling,ZN-S3-PP----
12693,*,ensconced,ZA----PA----
12698,*,enshrined,ZA----PA----
12712,*,ensnared,ZA----PA----
12721,*,ensured,ZN-S3DPA----
12725,*,entailing,ZN-S3-PP----
12734,*,entering,ZN-S3-PP----
12739,*,entertaining,ZN-S3-PP----
12746,*,enthralling,ZN-S3-PP----
12750,*,enthralling,ZN-S3-PP----
12757,*,enthused,ZA----PA----
12764,*,enticed,ZA----PA----
12770,*,entitled,ZA----PA----
12777,*,entombing,ZN-S3-PP----
12814,*,entrusting,ZN-S3-PP----
12818,*,entwined,ZA----PA----
12829,*,enunciated,ZA----PA----
12845,*,envisaged,ZA----PA----
12851,*,envisioning,ZN-S3-PP----
12894,*,epitomised,ZA----PA----
12919,*,equalized,ZA----PA----
12924,*,equated,ZA----PA----
12937,*,equipping,ZN-S3-PP----
12945,*,equivocated,ZA----PA----
12952,*,eradicated,ZA----PA----
12958,*,erased,ZA----PA----
12966,*,erecting,ZN-S3-PP----
12978,*,eroded,ZA----PA----
12985,*,erring,ZN-S3-PP----
12993,*,erupting,ZN-S3-PP----
13001,*,escalated,ZA----PA----
13019,*,eschewing,ZN-S3-PP----
13030,*,espoused,ZA----PA----
13047,*,established,ZN-S3-PA----
13117,*,evaded,ZA----PA----
13127,*,evangelized,ZA----PA----
13147,*,evicting,ZN-S3-PP----
13158,*,evinced,ZA----PA----
13167,*,evoked,ZA----PA----
13197,*,exaggerated,ZA----PA----
13204,*,exalting,ZN-S3-PP----
13210,*,examined,ZA----PA----
13217,*,exasperated,ZA----PA----
13227,*,exceeding,ZN-S3-PP----
13231,*,excelling,ZN-S3-PP----
13237,*,excepting,ZN-S3-PP----
13259,*,excited,ZA----PA----
13269,*,exclaiming,ZN-S3-PP----
13275,*,excluded,ZA----PA----
13286,*,excoriated,ZA----PA----
13293,*,excreted,ZA----PA----
13323,*,exempting,ZN-S3-PP----
13333,*,exerting,ZN-S3-PP----
13339,*,exfoliated,ZA----PA----
13346,*,exhaled,ZA----PA----
13352,*,exhausting,ZN-S3-PP----
13364,*,exhorting,ZN-S3-PP----
13369,*,exhumed,ZA----PA----
13377,*,existing,ZN-S3-PP----
13393,*,exorcised,ZA----PA----
13400,*,exorcized,ZA----PA----
13407,*,expanding,ZN-S3-PP----
13417,*,expecting,ZN-S3-PP----
13425,*,expedited,ZA----PA----
13433,*,expelling,ZN-S3-PP----
13437,*,expending,ZN-S3-PP----
13454,*,expired,ZA----PA----
13462,*,explaining,ZN-S3-PP----
13480,*,explored,ZA----PA----
13492,*,exposed,ZA----PA----
13503,*,expounding,ZN-S3-PP----
13515,*,expropriated,ZA----PA----
13524,*,extemporized,ZA----PA----
13530,*,extending,ZN-S3-PP----
13539,*,extenuated,ZA----PA----
13545,*,exterminated,ZA----PA----
13557,*,extinguished,ZA----PA----
13566,*,extolling,ZN-S3-PP----
13571,*,extorting,ZN-S3-PP----
13581,*,extradited,ZA----PA----
13587,*,extrapolated,ZA----PA----
13605,*,extruded,ZA----PA----
13616,*,exulting,ZN-S3-PP----
13643,*,fabricated,ZA----PA----
13664,*,facilitated,ZA----PA----
13691,*,fading,ZN-S3-PP----
13701,*,failing,ZN-S3-PP----
13744,*,falsified,ZA----PA----
13750,*,faltering,ZN-S3-PP----
13760,*,familiarized,ZA----PA----
13783,*,fantasised,ZA----PA----
13802,*,faring,ZA----PP----
13842,*,fastening,ZN-S3-PP----
13879,*,fattening,ZN-S3-PP----
13908,*,faxed,ZA----PA----
13933,*,featuring,ZA----PP----
13939,*,federated,ZA----PA----
13960,*,feeling,ZN-S3-PP----
13967,*,feigning,ZN-S3-PP----
13987,*,feminised,ZA----PA----
13998,*,fencing,ZA----PP----
14003,*,fending,ZN-S3-PP----
14010,*,fermenting,ZN-S3-PP----
14029,*,fertilised,ZA----PA----
14038,*,fertilized,ZA----PA----
14046,*,festering,ZN-S3-PP----
14053,*,festooning,ZN-S3-PP----
14064,*,fetishised,ZA----PA----
14097,*,fibbing,ZN-S3-PP----
14113,*,fictionalised,ZA----PA----
14132,*,fidgeting,ZN-S3-PP----
14193,*,filling,ZN-S3-PP----
14232,*,finalized,ZA----PA----
14266,*,finishing,ZA----PP----
14278,*,firing,ZA----PP----
14299,*,fireproofing,ZN-S3-PP----
14378,*,flabbergasting,ZN-S3-PP----
14422,*,flanking,ZN-S3-PP----
14437,*,flaring,ZA----PP----
14461,*,flattening,ZN-S3-PP----
14467,*,flattering,ZN-S3-PP----
14474,*,flaunting,ZN-S3-PP----
14492,*,flaying,ZN-S3-PP----
14498,*,fledged,ZA----PA----
14506,*,fleeing,ZN-S3-PP----
14529,*,flexed,ZA----PA----
14540,*,flickering,ZN-S3-PP----
14558,*,flipping,ZN-S3-PP----
14567,*,flirting,ZN-S3-PP----
14586,*,flogging,ZN-S3-PP----
14595,*,floodlighting,ZN-S3-PP----
14620,*,flossing,ZA----PP----
14625,*,flounced,ZA----PA----
14631,*,floundering,ZN-S3-PP----
14635,*,flourished,ZA----PA----
14641,*,flouting,ZN-S3-PP----
14672,*,flummoxed,ZA----PA----
14678,*,flunking,ZN-S3-PP----
14698,*,flustering,ZN-S3-PP----
14758,*,foisting,ZN-S3-PP----
14786,*,fomenting,ZN-S3-PP----
14795,*,fondled,ZA----PA----
14848,*,forbidding,ZN-S3-PP----
14926,*,foreshadowing,ZN-S3-PP----
14945,*,forestalling,ZN-S3-PP----
14952,*,foretelling,ZN-S3-PP----
14958,*,forewarning,ZN-S3-PP----
14965,*,forfeiting,ZN-S3-PP----
14971,*,forging,ZA----PP----
14977,*,forgetting,ZN-S3-PP----
14984,*,forgiving,ZN-S3-PP----
15023,*,formulated,ZA----PA----
15028,*,fornicated,ZA----PA----
15045,*,fortified,ZA----PA----
15073,*,fossilised,ZA----PA----
15083,*,fostering,ZN-S3-PP----
15089,*,fouling,ZN-S3-PP----
15095,*,founding,ZN-S3-PP----
15128,*,fractionated,ZA----PA----
15135,*,fracturing,ZA----PP----
15177,*,fraternized,ZA----PA----
15188,*,frazzled,ZA----PA----
15227,*,freewheeling,ZN-S3-PP----
15249,*,frequenting,ZN-S3-PP----
15260,*,freshening,ZN-S3-PP----
15289,*,frightening,ZN-S3-PP----
15302,*,frisking,ZN-S3-PP----
15324,*,frolicking,ZN-S3-PP----
15371,*,fucking,ZN-S3-PP----
15387,*,fulfilling,ZN-S3-PP----
15392,*,fulfilling,ZN-S3-PP----
15462,*,furling,ZN-S3-PP----
15468,*,furnished,ZA----PA----
15480,*,furthering,ZN-S3-PP----
15486,*,fusing,ZA----PP----
15513,*,gabbing,ZN-S3-PP----
15517,*,gabbled,ZA----PA----
15526,*,gadding,ZN-S3-PP----
15546,*,gainsaying,ZN-S3-PP----
15562,*,gallivanting,ZN-S3-PP----
15570,*,galvanised,ZA----PA----
15583,*,gambling,ZA----PP----
15590,*,gambolling,ZN-S3-PP----
15617,*,gaped,ZA----PA----
15632,*,gargled,ZA----PA----
15641,*,garnering,ZN-S3-PP----
15645,*,garnished,ZA----PA----
15656,*,gassed,ZA----PA----
15672,*,gasping,ZN-S3-PP----
15686,*,gating,ZA----PP----
15690,*,gatecrashed,ZA----PA----
15703,*,gathering,ZN-S3-PP----
15725,*,gawking,ZN-S3-PP----
15730,*,gawping,ZN-S3-PP----
15746,*,gazumping,ZN-S3-PP----
15774,*,genning,ZN-S3-PP----
15790,*,generalised,ZA----PA----
15799,*,generalized,ZA----PA----
15834,*,genuflecting,ZN-S3-PP----
15854,*,germinated,ZA----PA----
15864,*,gesticulated,ZA----PA----
15872,*,gesturing,ZA----PP----
15908,*,gibbering,ZN-S3-PP----
15925,*,giggling,ZA----PP----
15930,*,gilding,ZN-S3-PP----
15951,*,girding,ZN-S3-PP----
15982,*,gladdening,ZN-S3-PP----
16018,*,gleaming,ZN-S3-PP----
16022,*,gleaning,ZN-S3-PP----
16047,*,glistening,ZN-S3-PP----
16057,*,gloating,ZN-S3-PP----
16061,*,globalised,ZA----PA----
16144,*,goading,ZN-S3-PP----
16158,*,gobbled,ZA----PA----
16179,*,goggled,ZA----PA----
16228,*,goofing,ZN-S3-PP----
16244,*,gored,ZA----PA----
16276,*,governing,ZN-S3-PP----
16298,*,graded,ZA----PA----
16307,*,graduating,ZA----PP----
16357,*,granulated,ZA----PA----
16372,*,grappled,ZA----PA----
16392,*,gratified,ZA----PA----
16407,*,gravelling,ZN-S3-PP----
16413,*,gravitated,ZA----PA----
16464,*,greeting,ZN-S3-PP----
16486,*,grieved,ZA----PA----
16511,*,grinning,ZN-S3-PP----
16515,*,grinding,ZN-S3-PP----
16537,*,groaning,ZN-S3-PP----
16596,*,grovelling,ZN-S3-PP----
16602,*,grown,ZA----PA----
16608,*,growling,ZN-S3-PP----
16616,*,grubbing,ZN-S3-PP----
16628,*,grumbled,ZN-S3DPA----
16636,*,grunting,ZN-S3-PP----
16664,*,guffawing,ZN-S3-PP----
16699,*,gulping,ZN-S3-PP----
16727,*,gushing,ZA----PP----
16744,*,guzzled,ZA----PA----
16763,*,gyrated,ZA----PA----
16792,*,haemorrhaged,ZA----PA----
16800,*,haggled,ZA----PA----
16806,*,hailing,ZN-S3-PP----
16881,*,hampering,ZN-S3-PP----
16899,*,handcrafting,ZN-S3-PP----
16903,*,handcuffing,ZN-S3-PP----
16936,*,hand-picking,ZN-S3-PP----
16975,*,hankering,ZN-S3-PP----
16983,*,happening,ZN-S3-PP----
17012,*,hardening,ZN-S3-PP----
17030,*,harking,ZN-S3-PP----
17034,*,harkening,ZN-S3-PP----
17044,*,harmonised,ZA----PA----
17050,*,harmonized,ZA----PA----
17064,*,harrowing,ZN-S3-PP----
17088,*,hastening,ZN-S3-PP----
17096,*,hatched,ZA----PA----
17113,*,hauling,ZN-S3-PP----
17122,*,haunting,ZN-S3-PP----
17166,*,headhunting,ZN-S3-PP----
17207,*,healing,ZN-S3-PP----
17219,*,hearing,ZN-S3-PP----
17226,*,hearkening,ZN-S3-PP----
17235,*,heartening,ZN-S3-PP----
17257,*,heaved,ZA----PA----
17269,*,heckled,ZA----PA----
17277,*,hectoring,ZN-S3-PP----
17282,*,hedging,ZA----PP----
17304,*,heightening,ZN-S3-PP----
17447,*,hijacking,ZN-S3-PP----
17466,*,hindering,ZN-S3-PP----
17539,*,hoaxing,ZA----PP----
17544,*,hobbled,ZA----PA----
17553,*,hobnobbing,ZN-S3-PP----
17593,*,hollowing,ZN-S3-PP----
17632,*,homogenised,ZA----PA----
17637,*,homogenized,ZA----PA----
17649,*,honed,ZA----PA----
17663,*,honking,ZN-S3-PP----
17679,*,hoodwinking,ZN-S3-PP----
17699,*,hooting,ZN-S3-PP----
17705,*,hoovering,ZN-S3-PP----
17732,*,horrified,ZA----PA----
17750,*,hosing,ZA----PP----
17756,*,hospitalised,ZA----PA----
17763,*,hospitalized,ZA----PA----
17797,*,hounding,ZN-S3-PP----
17832,*,hovering,ZN-S3-PP----
17855,*,huffing,ZN-S3-PP----
17884,*,humanized,ZA----PA----
17900,*,humiliated,ZA----PA----
17938,*,hunkering,ZN-S3-PP----
17951,*,hurling,ZN-S3-PP----
17961,*,hurting,ZA----PP----
17966,*,hurtled,ZA----PA----
18011,*,hydrogenated,ZA----PA----
18023,*,hydrolysing,ZN-S3-PP----
18080,*,hyphenated,ZA----PA----
18093,*,hypnotized,ZA----PA----
18113,*,hypothesised,ZA----PA----
18169,*,identified,ZN-S3-PA----
18198,*,ignited,ZA----PA----
18206,*,ignored,ZA----PA----
18236,*,illustrated,ZA----PA----
18249,*,imagined,ZN-S3-PA----
18264,*,imbued,ZA----PA----
18270,*,imitated,ZA----PA----
18287,*,immigrated,ZA----PA----
18312,*,immunised,ZA----PA----
18319,*,immunized,ZA----PA----
18336,*,impairing,ZN-S3-PP----
18346,*,imparting,ZN-S3-PP----
18356,*,impeded,ZA----PA----
18368,*,impending,ZN-S3-PP----
18378,*,impersonated,ZA----PA----
18388,*,impinged,ZA----PA----
18399,*,implementing,ZN-S3-PP----
18416,*,implied,ZN-S3-PA----
18428,*,importuned,ZA----PA----
18434,*,imposed,ZA----PA----
18447,*,impounding,ZN-S3-PP----
18460,*,impregnated,ZA----PA----
18467,*,impressed,ZA----PA----
18477,*,imprisoning,ZN-S3-PP----
18483,*,improved,ZA----PA----
18490,*,improvised,ZA----PA----
18498,*,impugning,ZN-S3-PP----
18513,*,inactivated,ZA----PA----
18542,*,incarcerated,ZA----PA----
18547,*,incarnated,ZA----PA----
18581,*,incised,ZA----PA----
18587,*,incited,ZA----PA----
18596,*,inclined,ZA----PA----
18634,*,incriminated,ZA----PA----
18651,*,incurring,ZN-S3-PP----
18659,*,indemnified,ZA----PA----
18688,*,indicated,ZN-S3-PA----
18696,*,indicting,ZN-S3-PP----
18711,*,individualised,ZA----PA----
18716,*,individualized,ZA----PA----
18736,*,inducting,ZN-S3-PP----
18751,*,industrialized,ZA----PA----
18787,*,infecting,ZN-S3-PP----
18794,*,inferring,ZN-S3-PP----
18802,*,infesting,ZN-S3-PP----
18825,*,inflamed,ZA----PA----
18843,*,inflicting,ZN-S3-PP----
18859,*,informing,ZN-S3-PP----
18873,*,infringed,ZA----PA----
18879,*,infuriated,ZA----PA----
18892,*,ingesting,ZN-S3-PP----
18896,*,ingratiated,ZA----PA----
18904,*,inhabiting,ZN-S3-PP----
18913,*,inhaled,ZA----PA----
18920,*,inheriting,ZN-S3-PP----
18926,*,inhibiting,ZN-S3-PP----
18952,*,initiating,ZA----PP----
18960,*,injecting,ZN-S3-PP----
18967,*,injured,ZA----PA----
18995,*,innovated,ZA----PA----
19015,*,inquired,ZA----PA----
19032,*,inscribed,ZA----PA----
19041,*,inseminated,ZA----PA----
19062,*,insinuated,ZA----PA----
19069,*,insisting,ZN-S3-PP----
19079,*,inspecting,ZN-S3-PP----
19086,*,inspired,ZA----PA----
19092,*,installing,ZN-S3-PP----
19096,*,installing,ZN-S3-PP----
19106,*,instantiated,ZA----PA----
19121,*,instilling,ZN-S3-PP----
19126,*,instilling,ZN-S3-PP----
19141,*,institutionalized,ZA----PA----
19147,*,instructing,ZN-S3-PP----
19191,*,intellectualised,ZA----PA----
19199,*,intending,ZN-S3-PP----
19217,*,interacting,ZN-S3-PP----
19233,*,intercepting,ZN-S3-PP----
19241,*,interchanged,ZA----PA----
19252,*,interconnecting,ZN-S3-PP----
19283,*,interfacing,ZA----PP----
19287,*,interfered,ZA----PA----
19300,*,interjecting,ZN-S3-PP----
19304,*,interlaced,ZA----PA----
19395,*,interposed,ZA----PA----
19402,*,interpreting,ZN-S3-PP----
19410,*,interrelated,ZA----PA----
19419,*,interrogated,ZA----PA----
19427,*,interrupting,ZN-S3-PP----
19432,*,intersecting,ZN-S3-PP----
19449,*,intervened,ZA----PA----
19461,*,interweaved,ZA----PA----
19464,*,interweaving,ZN-S3-PP----
19472,*,intimated,ZA----PA----
19477,*,intimidated,ZA----PA----
19502,*,introduced,ZA----PA----
19526,*,intuiting,ZN-S3-PP----
19531,*,inundated,ZA----PA----
19537,*,inured,ZA----PA----
19548,*,invalidated,ZA----PA----
19564,*,inveighing,ZN-S3-PP----
19571,*,inventing,ZN-S3-PP----
19585,*,inverting,ZN-S3-PP----
19592,*,investing,ZN-S3-PP----
19603,*,invigilated,ZA----PA----
19609,*,invigorated,ZA----PA----
19615,*,invited,ZA----PA----
19624,*,invoked,ZA----PA----
19637,*,ionised,ZA----PA----
19643,*,ionized,ZA----PA----
19649,*,irking,ZN-S3-PP----
19658,*,irradiated,ZA----PA----
19673,*,irritated,ZA----PA----
19715,*,itemised,ZA----PA----
19735,*,jabbering,ZN-S3-PP----
19760,*,jagging,ZN-S3-PP----
19805,*,jazzed,ZA----PA----
19820,*,jeopardised,ZA----PA----
19829,*,jerking,ZN-S3-PP----
19857,*,jettisoning,ZN-S3-PP----
19870,*,jigging,ZN-S3-PP----
19882,*,jilting,ZN-S3-PP----
19886,*,jingled,ZA----PA----
19915,*,jogging,ZN-S3-PP----
19922,*,joining,ZN-S3-PP----
19934,*,joking,ZA----PP----
19954,*,jostling,ZN-S3-PP----
19969,*,jousting,ZN-S3-PP----
19984,*,juddering,ZN-S3-PP----
19996,*,juggled,ZA----PA----
20013,*,jumbling,ZA----PP----
20044,*,justified,ZA----PA----
20049,*,justifying,ZN-S3-PP----
20055,*,juxtaposed,ZA----PA----
20080,*,keening,ZN-S3-PP----
20084,*,keeping,ZN-S3-PP----
20139,*,kidnapping,ZN-S3-PP----
20147,*,killing,ZN-S3-PP----
20171,*,kindled,ZA----PA----
20217,*,kneading,ZN-S3-PP----
20228,*,kneeling,ZN-S3-PP----
20234,*,knifed,ZA----PA----
20292,*,kowtowing,ZN-S3-PP----
20365,*,lagging,ZN-S3-PP----
20381,*,lambasting,ZN-S3-PP----
20403,*,lampooning,ZN-S3-PP----
20439,*,languished,ZA----PA----
20481,*,lashed,ZA----PA----
20493,*,lasting,ZN-S3-PP----
20521,*,lauding,ZN-S3-PP----
20530,*,launching,ZA----PP----
20536,*,laundering,ZN-S3-PP----
20566,*,laying,ZN-S3-PP----
20600,*,leafing,ZN-S3-PP----
20635,*,learning,ZN-S3-PP----
20652,*,leaving,ZA----PP----
20658,*,leavening,ZN-S3-PP----
20679,*,leeching,ZA----PP----
20701,*,legalised,ZA----PA----
20710,*,legalized,ZA----PA----
20728,*,legislated,ZA----PA----
20735,*,legitimated,ZA----PA----
20753,*,lending,ZA----PP----
20760,*,lengthening,ZN-S3-PP----
20781,*,lessening,ZN-S3-PP----
20817,*,levitated,ZA----PA----
20839,*,liaised,ZA----PA----
20855,*,liberalised,ZA----PA----
20860,*,liberalized,ZA----PA----
20896,*,licking,ZN-S3-PP----
20947,*,lightening,ZN-S3-PP----
20961,*,liked,ZA----PA----
20973,*,likening,ZN-S3-PP----
20985,*,limbering,ZN-S3-PP----
21003,*,limping,ZN-S3-PP----
21021,*,lingering,ZN-S3-PP----
21053,*,liquefied,ZA----PA----
21059,*,liquidated,ZA----PA----
21065,*,liquidised,ZA----PA----
21085,*,listening,ZN-S3-PP----
21101,*,litigated,ZA----PA----
21131,*,livening,ZN-S3-PP----
21154,*,loathed,ZA----PA----
21160,*,lobbing,ZN-S3-PP----
21204,*,lodged,ZA----PA----
21231,*,loitering,ZN-S3-PP----
21235,*,lolling,ZN-S3-PP----
21296,*,loosening,ZN-S3-PP----
21300,*,looting,ZN-S3-PP----
21305,*,lopping,ZN-S3-PP----
21364,*,lowering,ZN-S3-PP----
21379,*,lubricated,ZA----PA----
21401,*,lumbering,ZN-S3-PP----
21427,*,lurched,ZA----PA----
21436,*,lurking,ZN-S3-PP----
21513,*,maddening,ZN-S3-PP----
21567,*,maiming,ZN-S3-PP----
21577,*,maintaining,ZN-S3-PP----
21612,*,maligning,ZN-S3-PP----
21622,*,malingering,ZN-S3-PP----
21636,*,maltreating,ZN-S3-PP----
21647,*,manning,ZN-S3-PP----
21683,*,mangled,ZA----PA----
21707,*,manicuring,ZA----PP----
21712,*,manifesting,ZN-S3-PP----
21722,*,manipulated,ZA----PA----
21757,*,manufacturing,ZA----PP----
21764,*,manuring,ZA----PP----
21776,*,marring,ZN-S3-PP----
21783,*,marauding,ZN-S3-PP----
21803,*,marginalised,ZA----PA----
21847,*,married,ZA----PA----
21927,*,masticated,ZA----PA----
21934,*,masturbated,ZA----PA----
21962,*,materialised,ZA----PA----
21969,*,materialized,ZA----PA----
21983,*,matriculated,ZA----PA----
22005,*,mauling,ZN-S3-PP----
22018,*,maximised,ZA----PA----
22023,*,maximized,ZA----PA----
22076,*,mechanised,ZA----PA----
22082,*,mechanized,ZA----PA----
22092,*,meddled,ZA----PA----
22098,*,mediated,ZA----PA----
22114,*,meditated,ZA----PA----
22130,*,meeting,ZA----PP----
22152,*,melding,ZN-S3-PP----
22166,*,melting,ZN-S3-PP----
22183,*,memorialized,ZA----PA----
22202,*,mending,ZN-S3-PP----
22216,*,menstruated,ZA----PA----
22363,*,mewing,ZN-S3-PP----
22519,*,migrated,ZA----PA----
22538,*,militarised,ZA----PA----
22543,*,militarized,ZA----PA----
22585,*,mimed,ZA----PA----
22600,*,mincing,ZA----PP----
22612,*,mining,ZA----PP----
22619,*,mineralised,ZA----PA----
22648,*,minimised,ZA----PA----
22653,*,minimized,ZA----PA----
22686,*,mired,ZA----PA----
22726,*,miscalculated,ZA----PA----
22749,*,misconceived,ZA----PA----
22820,*,misinterpreting,ZN-S3-PP----
22824,*,misjudged,ZA----PA----
22842,*,misleading,ZN-S3-PP----
22884,*,misrepresenting,ZN-S3-PP----
22918,*,mistaking,ZA----PP----
22935,*,mistreating,ZN-S3-PP----
22952,*,misunderstanding,ZN-S3-PP----
22966,*,mitigated,ZA----PA----
23002,*,mobilised,ZA----PA----
23010,*,mobilized,ZA----PA----
23017,*,mocking,ZN-S3-PP----
23045,*,modernised,ZA----PA----
23054,*,modernized,ZA----PA----
23061,*,modified,ZA----PA----
23080,*,moistening,ZN-S3-PP----
23084,*,moisturised,ZA----PA----
23090,*,moisturized,ZA----PA----
23108,*,molesting,ZN-S3-PP----
23120,*,molting,ZN-S3-PP----
23178,*,monopolised,ZA----PA----
23184,*,monopolized,ZA----PA----
23209,*,mooing,ZN-S3-PP----
23228,*,mooring,ZN-S3-PP----
23234,*,mooting,ZN-S3-PP----
23238,*,mopping,ZN-S3-PP----
23248,*,moralised,ZA----PA----
23255,*,moralized,ZA----PA----
23271,*,morphing,ZN-S3-PP----
23287,*,mortgaging,ZA----PP----
23294,*,mortified,ZA----PA----
23304,*,moseying,ZN-S3-PP----
23329,*,motivated,ZA----PA----
23348,*,motorised,ZA----PA----
23353,*,motorized,ZA----PA----
23375,*,moulting,ZN-S3-PP----
23388,*,mourning,ZN-S3-PP----
23428,*,mucking,ZN-S3-PP----
23455,*,muffled,ZA----PA----
23475,*,mulling,ZN-S3-PP----
23518,*,multiplied,ZA----PA----
23533,*,multitasking,ZN-S3-PP----
23561,*,munched,ZA----PA----
23582,*,muscling,ZA----PP----
23588,*,musing,ZA----PP----
23621,*,mutated,ZA----PA----
23643,*,muttering,ZN-S3-PP----
23670,*,mystified,ZA----PA----
23740,*,narrated,ZA----PA----
23764,*,nationalised,ZA----PA----
23771,*,nationalized,ZA----PA----
23786,*,naturalised,ZA----PA----
23793,*,naturalized,ZA----PA----
23812,*,navigated,ZA----PA----
23826,*,nearing,ZN-S3-PP----
23882,*,negotiated,ZA----PA----
23890,*,neighing,ZN-S3-PP----
23923,*,nestled,ZA----PA----
23980,*,neutering,ZN-S3-PP----
24040,*,niggled,ZA----PA----
24082,*,nipping,ZN-S3-PP----
24098,*,nixed,ZA----PA----
24242,*,normalised,ZA----PA----
24248,*,normalized,ZA----PA----
24286,*,notarized,ZA----PA----
24294,*,notched,ZA----PA----
24312,*,notified,ZN-S3DPA----
24319,*,nourished,ZA----PA----
24364,*,numbing,ZN-S3-PP----
24379,*,nursing,ZA----PP----
24386,*,nurtured,ZA----PA----
24423,*,obeying,ZN-S3-PP----
24444,*,obliged,ZA----PA----
24466,*,observed,ZA----PA----
24471,*,obsessed,ZA----PA----
24482,*,obstructing,ZN-S3-PP----
24488,*,obtaining,ZN-S3-PP----
24493,*,obviated,ZA----PA----
24509,*,occupied,ZA----PA----
24515,*,occurring,ZN-S3-PP----
24556,*,offending,ZN-S3-PP----
24576,*,offloading,ZN-S3-PP----
24702,*,opined,ZA----PA----
24712,*,opposed,ZA----PA----
24720,*,oppressed,ZA----PA----
24728,*,opting,ZN-S3-PP----
24738,*,optimized,ZA----PA----
24767,*,orchestrated,ZA----PA----
24775,*,ordaining,ZN-S3-PP----
24795,*,organised,ZA----PA----
24804,*,organized,ZA----PA----
24815,*,orienting,ZN-S3-PP----
24828,*,originated,ZA----PA----
24854,*,oscillated,ZA----PA----
24884,*,ousting,ZN-S3-PP----
24892,*,outbidding,ZN-S3-PP----
24899,*,outclassed,ZA----PA----
24917,*,outdistancing,ZN-S3-PP----
24932,*,outflanking,ZN-S3-PP----
24951,*,outlasting,ZN-S3-PP----
24955,*,outlawing,ZN-S3-PP----
24973,*,outnumbering,ZN-S3-PP----
24983,*,outperforming,ZN-S3-PP----
24990,*,outplaying,ZN-S3-PP----
25001,*,outranking,ZN-S3-PP----
25014,*,outrunning,ZN-S3-PP----
25017,*,outselling,ZN-S3-PP----
25029,*,outsmarting,ZN-S3-PP----
25041,*,outstaying,ZN-S3-PP----
25049,*,outstripping,ZN-S3-PP----
25058,*,outweighing,ZN-S3-PP----
25162,*,over-eating,ZN-S3-PP----
25197,*,overexpressed,ZA----PA----
25247,*,overheating,ZN-S3-PP----
25284,*,overloading,ZN-S3-PP----
25288,*,overlooking,ZN-S3-PP----
25307,*,overpowering,ZN-S3-PP----
25331,*,over-reacting,ZN-S3-PP----
25340,*,over-representing,ZN-S3-PP----
25344,*,overridden,ZA----PA----
25348,*,overriding,ZN-S3-PP----
25353,*,over-riding,ZA----PP----
25376,*,overshadowing,ZN-S3-PP----
25398,*,overspending,ZN-S3-PP----
25434,*,overtaken,ZA----PA----
25437,*,overtaking,ZN-S3-PP----
25456,*,overturning,ZN-S3-PP----
25472,*,over-valuing,ZA----PP----
25477,*,overwhelming,ZN-S3-PP----
25485,*,overworking,ZN-S3-PP----
25504,*,owed,ZA----PA----
25510,*,owning,ZN-S3-PP----
25528,*,oxygenated,ZA----PA----
25552,*,pacified,ZA----PA----
25651,*,palpitated,ZA----PA----
25661,*,pampering,ZN-S3-PP----
25678,*,pandering,ZN-S3-PP----
25749,*,parachuting,ZA----PP----
25817,*,parboiling,ZN-S3-PP----
25827,*,parched,ZA----PA----
25836,*,pared,ZA----PA----
25889,*,partaken,ZA----PA----
25892,*,partaking,ZN-S3-PP----
25896,*,participated,ZA----PA----
25951,*,pasteurised,ZA----PA----
26099,*,pealing,ZN-S3-PP----
26137,*,peddled,ZA----PA----
26145,*,pedestrianised,ZA----PA----
26162,*,peeking,ZN-S3-PP----
26179,*,peeved,ZA----PA----
26194,*,pelting,ZN-S3-PP----
26286,*,perfecting,ZN-S3-PP----
26291,*,perforated,ZA----PA----
26297,*,performing,ZN-S3-PP----
26326,*,perished,ZA----PA----
26336,*,perjured,ZA----PA----
26355,*,permeated,ZA----PA----
26381,*,perpetuated,ZA----PA----
26391,*,persecuted,ZA----PA----
26402,*,persisting,ZN-S3-PP----
26414,*,personalized,ZA----PA----
26420,*,personified,ZA----PA----
26431,*,persuaded,ZN-S3DPA----
26438,*,pertaining,ZN-S3-PP----
26442,*,perturbing,ZN-S3-PP----
26453,*,pervaded,ZA----PA----
26474,*,pestering,ZN-S3-PP----
26486,*,petering,ZN-S3-PP----
26553,*,philosophised,ZA----PA----
26658,*,picturing,ZA----PP----
26662,*,piddled,ZA----PA----
26676,*,pierced,ZA----PA----
26753,*,pinching,ZA----PP----
26771,*,pinioning,ZN-S3-PP----
26785,*,pinpointing,ZN-S3-PP----
26814,*,piquing,ZA----PP----
26863,*,placated,ZA----PA----
26885,*,plagiarized,ZA----PA----
26981,*,pleased,ZA----PA----
26994,*,pleating,ZN-S3-PP----
27019,*,plodding,ZN-S3-PP----
27042,*,plowing,ZN-S3-PP----
27049,*,plucking,ZN-S3-PP----
27064,*,plumbing,ZN-S3-PP----
27080,*,plumping,ZN-S3-PP----
27084,*,plundering,ZN-S3-PP----
27089,*,plunging,ZA----PP----
27094,*,plunking,ZN-S3-PP----
27108,*,plied,ZA----PA----
27148,*,poked,ZA----PA----
27161,*,polarised,ZA----PA----
27169,*,polarized,ZA----PA----
27204,*,politicised,ZA----PA----
27221,*,pollarding,ZN-S3-PP----
27225,*,pollinated,ZA----PA----
27234,*,polluted,ZA----PA----
27255,*,polymerised,ZA----PA----
27261,*,polymerized,ZA----PA----
27303,*,pondering,ZN-S3-PP----
27332,*,popping,ZN-S3-PP----
27360,*,pored,ZA----PA----
27376,*,portending,ZN-S3-PP----
27395,*,portraying,ZN-S3-PP----
27408,*,positing,ZN-S3-PP----
27421,*,possessed,ZA----PA----
27477,*,postponed,ZA----PA----
27506,*,potentiated,ZA----PA----
27529,*,pounced,ZA----PA----
27537,*,pouring,ZN-S3-PP----
27561,*,practised,ZA----PA----
27577,*,pranced,ZA----PA----
27591,*,praying,ZN-S3-PP----
27596,*,preached,ZA----PA----
27609,*,prearranged,ZA----PA----
27616,*,preceded,ZA----PA----
27632,*,precipitating,ZA----PP----
27637,*,precluded,ZA----PA----
27674,*,pre-defined,ZN-S3DPA----
27693,*,predicating,ZA----PP----
27700,*,predicting,ZN-S3-PP----
27713,*,predominated,ZA----PA----
27719,*,preempting,ZN-S3-PP----
27723,*,pre-empting,ZN-S3-PP----
27727,*,preening,ZN-S3-PP----
27734,*,pre-existing,ZN-S3-PP----
27752,*,preferring,ZN-S3-PP----
27761,*,pre-filling,ZN-S3-PP----
27801,*,premeditated,ZA----PA----
27829,*,preoccupied,ZA----PA----
27843,*,prepping,ZN-S3-PP----
27848,*,prepared,ZA----PA----
27902,*,presaged,ZA----PA----
27920,*,pre-selecting,ZN-S3-PP----
27949,*,presided,ZA----PA----
27981,*,presumed,ZN-S3DPA----
27985,*,presupposed,ZA----PA----
27994,*,pretending,ZN-S3-PP----
28009,*,prettified,ZA----PA----
28018,*,prevailing,ZN-S3-PP----
28022,*,prevaricated,ZA----PA----
28029,*,preventing,ZN-S3-PP----
28048,*,pricking,ZN-S3-PP----
28088,*,prioritised,ZA----PA----
28094,*,prioritized,ZA----PA----
28101,*,prised,ZA----PA----
28115,*,privatised,ZA----PA----
28120,*,privatized,ZA----PA----
28171,*,proclaiming,ZN-S3-PP----
28178,*,procrastinated,ZA----PA----
28196,*,prodding,ZN-S3-PP----
28213,*,professed,ZA----PA----
28220,*,professionalised,ZA----PA----
28227,*,proffering,ZN-S3-PP----
28233,*,profiling,ZA----PP----
28266,*,programming,ZA----PP----
28272,*,progressing,ZA----PP----
28278,*,prohibiting,ZN-S3-PP----
28309,*,prolonging,ZN-S3-PP----
28323,*,promoted,ZA----PA----
28339,*,promulgated,ZA----PA----
28347,*,pronounced,ZA----PA----
28381,*,propelling,ZN-S3-PP----
28389,*,prophesied,ZA----PA----
28403,*,proposed,ZN-S3-PA----
28425,*,proscribed,ZA----PA----
28432,*,prosecuted,ZA----PA----
28452,*,prospering,ZN-S3-PP----
28470,*,protecting,ZN-S3-PP----
28509,*,protruded,ZA----PA----
28526,*,provided,ZA----PA----
28540,*,provoked,ZA----PA----
28554,*,pruned,ZA----PA----
28572,*,psyching,ZA----PP----
28584,*,psychoanalysed,ZA----PA----
28587,*,psychoanalysing,ZN-S3-PP----
28608,*,publicised,ZA----PA----
28614,*,publicized,ZA----PA----
28626,*,puckering,ZN-S3-PP----
28666,*,pulsated,ZA----PA----
28684,*,pummelling,ZN-S3-PP----
28751,*,purging,ZA----PP----
28756,*,purified,ZA----PA----
28765,*,purling,ZN-S3-PP----
28769,*,purloining,ZN-S3-PP----
28778,*,purporting,ZN-S3-PP----
28785,*,purring,ZN-S3-PP----
28791,*,pursing,ZA----PP----
28795,*,pursued,ZA----PA----
28862,*,quadrupled,ZA----PA----
28871,*,quaffing,ZN-S3-PP----
28884,*,qualified,ZA----PA----
28901,*,quarantining,ZA----PP----
28928,*,quashed,ZA----PA----
28938,*,quavering,ZN-S3-PP----
28952,*,quelling,ZN-S3-PP----
28984,*,quickening,ZN-S3-PP----
29002,*,quietening,ZN-S3-PP----
29078,*,radiated,ZA----PA----
29090,*,radicalised,ZA----PA----
29095,*,radicalized,ZA----PA----
29182,*,rambled,ZA----PA----
29193,*,rampaged,ZA----PA----
29225,*,rankled,ZA----PA----
29230,*,ransacking,ZN-S3-PP----
29272,*,rasping,ZN-S3-PP----
29293,*,ratified,ZA----PA----
29306,*,rationalised,ZA----PA----
29313,*,rationalized,ZA----PA----
29343,*,ravished,ZA----PA----
29353,*,razed,ZA----PA----
29383,*,reacting,ZN-S3-PP----
29400,*,reading,ZN-S3-PP----
29419,*,re-adjusting,ZN-S3-PP----
29441,*,reaffirming,ZN-S3-PP----
29445,*,re-affirming,ZN-S3-PP----
29462,*,re-aligning,ZN-S3-PP----
29468,*,realised,ZA----PA----
29476,*,realized,ZN-S3-PA----
29502,*,reaping,ZN-S3-PP----
29508,*,reappearing,ZN-S3-PP----
29513,*,re-appearing,ZN-S3-PP----
29532,*,reappointing,ZN-S3-PP----
29539,*,reappraised,ZA----PA----
29551,*,rearming,ZN-S3-PP----
29555,*,rearranged,ZA----PA----
29602,*,reassured,ZN-S3-PA----
29613,*,reawakening,ZN-S3-PP----
29617,*,re-awakening,ZN-S3-PP----
29657,*,rebuffing,ZN-S3-PP----
29661,*,rebuilding,ZN-S3-PP----
29696,*,recalling,ZN-S3-PP----
29701,*,recanting,ZN-S3-PP----
29713,*,recaptured,ZA----PA----
29731,*,received,ZA----PA----
29772,*,recirculated,ZA----PA----
29788,*,reckoning,ZN-S3-PP----
29793,*,reclaiming,ZN-S3-PP----
29817,*,recognised,ZN-S3DPA----
29826,*,recoiling,ZN-S3-PP----
29830,*,recollecting,ZN-S3-PP----
29853,*,recommending,ZN-S3-PP----
29900,*,reconfigured,ZA----PA----
29909,*,re-confirming,ZN-S3-PP----
29919,*,reconnoitering,ZN-S3-PP----
29927,*,reconquering,ZN-S3-PP----
29932,*,reconsidering,ZN-S3-PP----
29938,*,re-considering,ZN-S3DPP----
29947,*,reconstructing,ZN-S3-PP----
29952,*,re-constructing,ZN-S3-PP----
29957,*,reconvened,ZA----PA----
29977,*,recounting,ZN-S3-PP----
29986,*,recouping,ZN-S3-PP----
29991,*,recovering,ZN-S3-PP----
30020,*,rectified,ZA----PA----
30033,*,recurring,ZN-S3-PP----
30060,*,redacting,ZN-S3-PP----
30066,*,reddening,ZN-S3-PP----
30081,*,redeeming,ZN-S3-PP----
30085,*,redefined,ZA----PA----
30091,*,re-defined,ZN-S3DPA----
30111,*,redesigning,ZN-S3-PP----
30129,*,redirecting,ZN-S3-PP----
30133,*,re-directing,ZN-S3-PP----
30139,*,rediscovering,ZN-S3-PP----
30217,*,reeling,ZN-S3-PP----
30225,*,re-electing,ZN-S3-PP----
30245,*,re-enacting,ZN-S3-PP----
30275,*,re-entering,ZN-S3-PP----
30283,*,re-equipping,ZN-S3-PP----
30287,*,re-erecting,ZN-S3-PP----
30311,*,reexamined,ZA----PA----
30332,*,referring,ZN-S3-PP----
30350,*,re-filling,ZN-S3-PP----
30374,*,reflecting,ZN-S3-PP----
30419,*,reformulated,ZA----PA----
30429,*,refracting,ZN-S3-PP----
30452,*,refrigerated,ZA----PA----
30470,*,refurbished,ZA----PA----
30484,*,refuted,ZA----PA----
30491,*,regaining,ZN-S3-PP----
30499,*,regaled,ZA----PA----
30510,*,regenerated,ZA----PA----
30552,*,regrouping,ZN-S3-PP----
30585,*,regurgitated,ZA----PA----
30605,*,rehearsed,ZA----PA----
30624,*,reignited,ZA----PA----
30649,*,reinforced,ZA----PA----
30667,*,reinstalling,ZN-S3-PP----
30672,*,re-installing,ZN-S3-PP----
30676,*,reinstated,ZA----PA----
30692,*,reintegrated,ZA----PA----
30707,*,re-interpreting,ZN-S3-PP----
30715,*,reintroduced,ZA----PA----
30727,*,reinventing,ZN-S3-PP----
30732,*,re-inventing,ZN-S3-PP----
30755,*,rejecting,ZN-S3-PP----
30771,*,re-joining,ZN-S3-PP----
30775,*,rejuvenated,ZA----PA----
30781,*,rekindled,ZA----PA----
30837,*,relenting,ZN-S3-PP----
30844,*,relieved,ZA----PA----
30878,*,relied,ZA----PA----
30887,*,remade,ZA----PA----
30893,*,remanding,ZN-S3-PP----
30929,*,remembering,ZN-S3-PP----
30938,*,reminding,ZN-S3-PP----
30942,*,reminisced,ZA----PA----
30993,*,removed,ZA----PA----
30999,*,remunerated,ZA----PA----
31007,*,renamed,ZA----PA----
31017,*,rending,ZN-S3-PP----
31022,*,rendering,ZN-S3-PP----
31028,*,reneged,ZA----PA----
31037,*,renewing,ZN-S3-PP----
31077,*,re-offending,ZN-S3-PP----
31081,*,reopening,ZN-S3-PP----
31101,*,reorganised,ZA----PA----
31109,*,reorganized,ZA----PA----
31122,*,re-orienting,ZN-S3-PP----
31152,*,repatriated,ZA----PA----
31160,*,repaying,ZN-S3-PP----
31173,*,repelling,ZN-S3-PP----
31180,*,repenting,ZN-S3-PP----
31204,*,replanting,ZN-S3-PP----
31211,*,replenished,ZA----PA----
31217,*,replicated,ZA----PA----
31243,*,repositioning,ZN-S3-PP----
31257,*,representing,ZN-S3-PP----
31266,*,repressed,ZA----PA----
31293,*,reproduced,ZA----PA----
31329,*,repurchasing,ZA----PP----
31341,*,required,ZN-S3-PA----
31357,*,re-reading,ZN-S3-PP----
31407,*,rescinding,ZN-S3-PP----
31435,*,re-selecting,ZN-S3-PP----
31440,*,reselling,ZN-S3-PP----
31447,*,resembled,ZA----PA----
31455,*,re-sending,ZN-S3-PP----
31460,*,resenting,ZN-S3-PP----
31467,*,reserving,ZA----PP----
31478,*,reshaped,ZA----PA----
31498,*,resigning,ZN-S3-PP----
31506,*,resisting,ZN-S3-PP----
31534,*,resonated,ZA----PA----
31544,*,resounding,ZN-S3-PP----
31565,*,responding,ZN-S3-PP----
31585,*,restarting,ZN-S3-PP----
31591,*,restated,ZA----PA----
31618,*,restraining,ZN-S3-PP----
31624,*,restricting,ZN-S3-PP----
31631,*,restructured,ZA----PA----
31666,*,resurfaced,ZA----PA----
31675,*,resurrecting,ZN-S3-PP----
31687,*,resuscitated,ZA----PA----
31700,*,retailing,ZN-S3-PP----
31705,*,retaining,ZN-S3-PP----
31710,*,retaken,ZA----PA----
31721,*,retarding,ZN-S3-PP----
31730,*,retelling,ZN-S3-PP----
31757,*,retired,ZA----PA----
31769,*,retouched,ZA----PA----
31779,*,retracting,ZN-S3-PP----
31786,*,retraining,ZN-S3-PP----
31803,*,retrenched,ZA----PA----
31813,*,retrieved,ZA----PA----
31839,*,retyped,ZA----PA----
31852,*,reunited,ZA----PA----
31864,*,re-using,ZA----PP----
31881,*,revamping,ZN-S3-PP----
31885,*,revealing,ZN-S3-PP----
31893,*,revelling,ZN-S3-PP----
31903,*,reverberated,ZA----PA----
31909,*,revered,ZA----PA----
31924,*,reverting,ZN-S3-PP----
31933,*,reviled,ZA----PA----
31944,*,revisiting,ZN-S3-PP----
31950,*,revitalised,ZA----PA----
31964,*,revoked,ZA----PA----
31974,*,revolutionised,ZA----PA----
32021,*,rhapsodized,ZA----PA----
32062,*,ridding,ZN-S3-PP----
32070,*,riding,ZA----PP----
32080,*,ridiculing,ZA----PP----
32093,*,rifling,ZA----PP----
32123,*,riled,ZA----PA----
32148,*,rinsed,ZA----PA----
32157,*,ripping,ZN-S3-PP----
32167,*,ripening,ZN-S3-PP----
32229,*,roaming,ZN-S3-PP----
32236,*,roasting,ZN-S3-PP----
32243,*,robbing,ZN-S3-PP----
32275,*,roiling,ZN-S3-PP----
32304,*,romanticised,ZA----PA----
32369,*,rotated,ZA----PA----
32398,*,roughening,ZN-S3-PP----
32424,*,routing,ZA----PP----
32429,*,roved,ZA----PA----
32448,*,rubbing,ZN-S3-PP----
32452,*,rubberised,ZA----PA----
32463,*,rubbishing,ZA----PP----
32487,*,rued,ZA----PA----
32494,*,ruffled,ZA----PA----
32518,*,ruminated,ZA----PA----
32535,*,rumpled,ZA----PA----
32568,*,rupturing,ZA----PP----
32581,*,rusting,ZN-S3-PP----
32633,*,saddening,ZN-S3-PP----
32659,*,sagging,ZN-S3-PP----
32689,*,salivated,ZA----PA----
32715,*,saluted,ZA----PA----
32758,*,sandblasting,ZN-S3-PP----
32781,*,sanitised,ZA----PA----
32786,*,sanitized,ZA----PA----
32814,*,sated,ZA----PA----
32820,*,satiated,ZA----PA----
32833,*,satirized,ZA----PA----
32839,*,satisfied,ZA----PA----
32845,*,saturated,ZA----PA----
32859,*,sauntering,ZN-S3-PP----
32869,*,savaging,ZA----PP----
32876,*,saved,ZA----PA----
32886,*,savouring,ZN-S3-PP----
32902,*,saying,ZN-S3-PP----
32940,*,scampering,ZN-S3-PP----
32949,*,scandalized,ZA----PA----
32984,*,scattering,ZN-S3-PP----
33066,*,scoffing,ZN-S3-PP----
33071,*,scolding,ZN-S3-PP----
33080,*,scooting,ZN-S3-PP----
33096,*,scoring,ZA----PP----
33114,*,scouring,ZN-S3-PP----
33139,*,scramming,ZN-S3-PP----
33144,*,scrambling,ZA----PP----
33170,*,scrawling,ZN-S3-PP----
33184,*,screeched,ZA----PA----
33215,*,scrimping,ZN-S3-PP----
33230,*,scrounged,ZA----PA----
33263,*,scudding,ZN-S3-PP----
33278,*,sculpting,ZN-S3-PP----
33324,*,seaming,ZN-S3-PP----
33338,*,searing,ZN-S3-PP----
33370,*,secluded,ZA----PA----
33380,*,second-guessed,ZA----PA----
33392,*,secreted,ZA----PA----
33404,*,secularized,ZA----PA----
33416,*,sedated,ZA----PA----
33425,*,seduced,ZA----PA----
33435,*,seen,ZN-S3DPA----
33445,*,seeking,ZN-S3-PP----
33451,*,seeming,ZN-S3-PP----
33458,*,seeping,ZN-S3-PP----
33472,*,segregated,ZA----PA----
33488,*,selecting,ZN-S3-PP----
33519,*,self-destructing,ZN-S3-PP----
33577,*,selling,ZA----PP----
33622,*,sensationalised,ZA----PA----
33674,*,sequestering,ZN-S3-PP----
33697,*,serialized,ZA----PA----
33705,*,sermonized,ZA----PA----
33719,*,served,ZA----PA----
33743,*,settled,ZA----PA----
33766,*,severing,ZN-S3-PP----
33794,*,shackling,ZA----PP----
33817,*,shaking,ZA----PP----
33842,*,shambled,ZA----PA----
33857,*,shaping,ZA----PP----
33866,*,sharing,ZA----PP----
33879,*,sharpening,ZN-S3-PP----
33885,*,shattering,ZN-S3-PP----
33902,*,sheathed,ZA----PA----
33924,*,sheering,ZN-S3-PP----
33941,*,shelving,ZA----PP----
33963,*,shilly-shallied,ZA----PA----
33976,*,shimmering,ZN-S3-PP----
34014,*,shirking,ZN-S3-PP----
34052,*,shooing,ZN-S3-PP----
34084,*,shortchanged,ZA----PA----
34099,*,shortening,ZN-S3-PP----
34105,*,shortlisting,ZN-S3-PP----
34142,*,showcasing,ZA----PP----
34172,*,shrieking,ZN-S3-PP----
34182,*,shrilling,ZN-S3-PP----
34189,*,shrinking,ZN-S3-PP----
34198,*,shrivelling,ZN-S3-PP----
34202,*,shrouding,ZN-S3-PP----
34220,*,shunning,ZN-S3-PP----
34228,*,shunting,ZN-S3-PP----
34233,*,shushing,ZN-S3-PP----
34246,*,shuttling,ZA----PP----
34272,*,sickening,ZN-S3-PP----
34293,*,sidelining,ZA----PP----
34298,*,sidestepping,ZN-S3-PP----
34307,*,sidetracking,ZN-S3-PP----
34326,*,sifting,ZN-S3-PP----
34363,*,signified,ZA----PA----
34377,*,silencing,ZA----PP----
34400,*,simmering,ZN-S3-PP----
34415,*,simplified,ZA----PA----
34437,*,singing,ZN-S3-PP----
34443,*,singeing,ZN-S3-PP----
34452,*,singling,ZA----PP----
34494,*,sat,ZA----PA----
34510,*,situated,ZA----PA----
34554,*,skewing,ZN-S3-PP----
34574,*,skimming,ZN-S3-PP----
34580,*,skimping,ZN-S3-PP----
34597,*,skipping,ZN-S3-PP----
34621,*,skulking,ZN-S3-PP----
34636,*,skyrocketing,ZN-S3-PP----
34645,*,slacking,ZN-S3-PP----
34650,*,slackening,ZN-S3-PP----
34656,*,slaked,ZA----PA----
34666,*,slandering,ZN-S3-PP----
34675,*,slanting,ZN-S3-PP----
34727,*,sleepwalking,ZN-S3-PP----
34761,*,slighting,ZN-S3-PP----
34769,*,slimming,ZN-S3-PP----
34782,*,slinking,ZA----PP----
34805,*,slithering,ZN-S3-PP----
34811,*,slobbering,ZN-S3-PP----
34836,*,sloughing,ZN-S3-PP----
34849,*,slowing,ZN-S3-PP----
34875,*,slurping,ZN-S3-PP----
34888,*,smacking,ZN-S3-PP----
34908,*,smarting,ZN-S3-PP----
34912,*,smartening,ZN-S3-PP----
34930,*,smelting,ZN-S3-PP----
34942,*,smirking,ZN-S3-PP----
34964,*,smoldering,ZN-S3-PP----
34975,*,smoothing,ZN-S3-PP----
34981,*,smothering,ZN-S3-PP----
34985,*,smouldering,ZN-S3-PP----
35009,*,snaffled,ZA----PA----
35034,*,snared,ZA----PA----
35040,*,snarling,ZN-S3-PP----
35054,*,sneaking,ZN-S3-PP----
35060,*,sneering,ZN-S3-PP----
35067,*,snickering,ZN-S3-PP----
35072,*,sniffing,ZN-S3-PP----
35083,*,snipping,ZN-S3-PP----
35094,*,snitched,ZA----PA----
35101,*,snivelling,ZN-S3-PP----
35110,*,snogging,ZN-S3-PP----
35117,*,snooping,ZN-S3-PP----
35137,*,snorkelling,ZN-S3-PP----
35142,*,snorting,ZN-S3-PP----
35169,*,snuffing,ZN-S3-PP----
35176,*,snuffled,ZA----PA----
35185,*,soaking,ZN-S3-PP----
35201,*,soaring,ZN-S3-PP----
35212,*,sobering,ZN-S3-PP----
35225,*,socialized,ZA----PA----
35247,*,softening,ZN-S3-PP----
35293,*,solemnized,ZA----PA----
35299,*,soliciting,ZN-S3-PP----
35309,*,solidified,ZA----PA----
35412,*,souring,ZN-S3-PP----
35463,*,spangling,ZA----PP----
35469,*,spanking,ZN-S3-PP----
35499,*,spattering,ZN-S3-PP----
35505,*,spawning,ZN-S3-PP----
35510,*,spaying,ZN-S3-PP----
35513,*,speaking,ZN-S3-PP----
35530,*,specialised,ZA----PA----
35539,*,specialized,ZA----PA----
35598,*,spending,ZA----PP----
35607,*,spewing,ZN-S3-PP----
35695,*,splaying,ZN-S3-PP----
35703,*,spliced,ZA----PA----
35723,*,spluttering,ZN-S3-PP----
35729,*,spoiling,ZN-S3-PP----
35793,*,spouting,ZN-S3-PP----
35806,*,sprawling,ZN-S3-PP----
35870,*,spurning,ZN-S3-PP----
35880,*,sputtering,ZN-S3-PP----
35896,*,squandering,ZN-S3-PP----
35915,*,squawking,ZN-S3-PP----
35919,*,squeaking,ZN-S3-PP----
35927,*,squealing,ZN-S3-PP----
35943,*,squinting,ZN-S3-PP----
35948,*,squirming,ZN-S3-PP----
35954,*,squirting,ZN-S3-PP----
35963,*,stabilised,ZA----PA----
35971,*,stabilized,ZA----PA----
36003,*,staggering,ZN-S3-PP----
36028,*,stalking,ZN-S3-PP----
36059,*,standardised,ZA----PA----
36065,*,standardized,ZA----PA----
36094,*,starching,ZA----PP----
36113,*,startled,ZA----PA----
36121,*,starved,ZA----PA----
36176,*,stealing,ZA----PP----
36208,*,steeping,ZN-S3-PP----
36213,*,steepening,ZN-S3-PP----
36219,*,steering,ZN-S3-PP----
36258,*,sterilised,ZA----PA----
36265,*,sterilized,ZA----PA----
36288,*,sticking,ZA----PP----
36307,*,stiffening,ZN-S3-PP----
36314,*,stifled,ZA----PA----
36321,*,stigmatised,ZA----PA----
36347,*,stimulated,ZA----PA----
36428,*,stomping,ZN-S3-PP----
36437,*,stonewalling,ZN-S3-PP----
36453,*,stooping,ZN-S3-PP----
36499,*,stowing,ZN-S3-PP----
36524,*,straightening,ZN-S3-PP----
36540,*,strangled,ZA----PA----
36547,*,strangulated,ZA----PA----
36553,*,strapping,ZN-S3-PP----
36560,*,strategized,ZA----PA----
36567,*,stratified,ZA----PA----
36577,*,straying,ZN-S3-PP----
36592,*,streamlined,ZA----PA----
36600,*,strengthening,ZN-S3-PP----
36629,*,striding,ZA----PP----
36640,*,stringing,ZA----PP----
36660,*,striving,ZA----PP----
36689,*,struggling,ZA----PP----
36695,*,strumming,ZN-S3-PP----
36733,*,stunning,ZN-S3-PP----
36741,*,stupefied,ZA----PA----
36769,*,stylized,ZA----PA----
36819,*,subcontracting,ZN-S3-PP----
36834,*,subdivided,ZA----PA----
36904,*,sublimated,ZA----PA----
36916,*,submerged,ZA----PA----
36941,*,subordinating,ZA----PP----
36946,*,suborning,ZN-S3-PP----
36977,*,subrogated,ZA----PA----
36990,*,subscribed,ZA----PA----
37016,*,subsidised,ZA----PA----
37025,*,subsisting,ZN-S3-PP----
37065,*,subsumed,ZA----PA----
37095,*,subtracting,ZN-S3-PP----
37115,*,subverting,ZN-S3-PP----
37124,*,succeeding,ZN-S3-PP----
37136,*,succumbing,ZN-S3-PP----
37140,*,sucking,ZN-S3-PP----
37144,*,suckled,ZA----PA----
37152,*,sued,ZA----PA----
37157,*,suffering,ZN-S3-PP----
37185,*,sugar-coating,ZN-S3-PP----
37193,*,suggesting,ZN-S3DPP----
37209,*,sulking,ZN-S3-PP----
37250,*,summonsed,ZA----PA----
37260,*,sunbathed,ZA----PA----
37276,*,sundering,ZN-S3-PP----
37346,*,superimposed,ZA----PA----
37397,*,supplanting,ZN-S3-PP----
37414,*,supposed,ZA----PA----
37421,*,suppressed,ZA----PA----
37463,*,surmounting,ZN-S3-PP----
37469,*,surpassed,ZA----PA----
37489,*,surrounding,ZN-S3-PP----
37511,*,suspending,ZN-S3-PP----
37518,*,sussed,ZA----PA----
37524,*,sustaining,ZN-S3-PP----
37533,*,swaddled,ZA----PA----
37545,*,swallowing,ZN-S3-PP----
37550,*,swamping,ZN-S3-PP----
37583,*,swathed,ZA----PA----
37601,*,sweating,ZN-S3-PP----
37623,*,sweetening,ZN-S3-PP----
37635,*,sweltering,ZN-S3-PP----
37649,*,swilling,ZN-S3-PP----
37654,*,swimming,ZN-S3-PP----
37691,*,swivelling,ZN-S3-PP----
37699,*,swooning,ZN-S3-PP----
37706,*,swopping,ZN-S3-PP----
37724,*,symbolised,ZA----PA----
37729,*,symbolized,ZA----PA----
37735,*,sympathised,ZA----PA----
37741,*,sympathized,ZA----PA----
37758,*,synchronised,ZA----PA----
37764,*,synchronized,ZA----PA----
37789,*,synthesised,ZA----PA----
37812,*,systematised,ZA----PA----
37848,*,tackled,ZA----PA----
37877,*,taken,ZA----PA----
37883,*,taking,ZN-S3-PP----
37927,*,tamping,ZN-S3-PP----
37931,*,tampering,ZN-S3-PP----
37962,*,tantalised,ZA----PA----
37983,*,tapering,ZN-S3-PP----
38048,*,taunting,ZN-S3-PP----
38058,*,tautening,ZN-S3-PP----
38082,*,taught,ZN-S3-PA----
38101,*,tearing,ZA----PP----
38115,*,teased,ZA----PA----
38140,*,teeming,ZN-S3-PP----
38152,*,teetering,ZN-S3-PP----
38177,*,teleporting,ZN-S3-PP----
38195,*,telling,ZN-S3-PP----
38206,*,temping,ZA----PP----
38225,*,tempting,ZN-S3-PP----
38237,*,tending,ZN-S3-PP----
38284,*,terminated,ZA----PA----
38306,*,terrified,ZA----PA----
38313,*,terrorised,ZA----PA----
38318,*,terrorized,ZA----PA----
38338,*,testified,ZA----PA----
38355,*,tethering,ZN-S3-PP----
38424,*,thickening,ZN-S3-PP----
38442,*,thinning,ZN-S3-PP----
38492,*,thrashed,ZA----PA----
38503,*,threatening,ZN-S3-PP----
38548,*,throttling,ZA----PP----
38567,*,thudding,ZN-S3-PP----
38589,*,thwarting,ZN-S3-PP----
38607,*,tickled,ZA----PA----
38646,*,tightening,ZN-S3-PP----
38714,*,tinkering,ZN-S3-PP----
38758,*,titillated,ZA----PA----
38769,*,tittering,ZN-S3-PP----
38788,*,toddled,ZA----PA----
38807,*,toggled,ZA----PA----
38813,*,toiling,ZN-S3-PP----
38824,*,tolerated,ZA----PA----
38850,*,toning,ZA----PP----
38872,*,tooting,ZN-S3-PP----
38897,*,toppled,ZA----PA----
38934,*,tossed,ZA----PA----
38958,*,tottering,ZN-S3-PP----
38981,*,toughening,ZN-S3-PP----
38993,*,tousled,ZA----PA----
38998,*,touting,ZN-S3-PP----
39002,*,towing,ZN-S3-PP----
39077,*,traipsed,ZA----PA----
39092,*,trampled,ZA----PA----
39096,*,trampling,ZN-S3-PP----
39105,*,tranquillised,ZA----PA----
39111,*,tranquillized,ZA----PA----
39118,*,transacting,ZN-S3-PP----
39126,*,transcending,ZN-S3-PP----
39143,*,transecting,ZN-S3-PP----
39166,*,transforming,ZN-S3-PP----
39172,*,transfused,ZA----PA----
39202,*,transliterated,ZA----PA----
39207,*,translocated,ZA----PA----
39229,*,transpired,ZA----PA----
39246,*,transposed,ZA----PA----
39275,*,traumatised,ZA----PA----
39292,*,traversed,ZA----PA----
39300,*,trawling,ZN-S3-PP----
39308,*,treading,ZA----PP----
39318,*,treasuring,ZA----PP----
39330,*,trebled,ZA----PA----
39333,*,trebling,ZN-S3-PP----
39345,*,trellised,ZA----PA----
39367,*,trespassing,ZA----PP----
39381,*,triangulated,ZA----PA----
39434,*,trimming,ZN-S3-PP----
39453,*,tripling,ZA----PP----
39468,*,trivialised,ZA----PA----
39473,*,trivialized,ZA----PA----
39510,*,trounced,ZA----PA----
39529,*,trudged,ZA----PA----
39540,*,trumping,ZN-S3-PP----
39548,*,truncated,ZA----PA----
39603,*,tucking,ZN-S3-PP----
39708,*,tweaking,ZN-S3-PP----
39731,*,twiddled,ZA----PA----
39746,*,twinkled,ZA----PA----
39761,*,twitched,ZA----PA----
39783,*,typecasting,ZN-S3-PP----
39821,*,ulcerated,ZA----PA----
39836,*,ululated,ZA----PA----
39878,*,unchaining,ZN-S3-PP----
39907,*,uncovering,ZN-S3-PP----
39947,*,underestimated,ZA----PA----
39995,*,undermined,ZA----PA----
40014,*,under-performing,ZN-S3-PP----
40042,*,under-representing,ZN-S3-PP----
40046,*,underscored,ZA----PA----
40061,*,understanding,ZN-S3-PP----
40066,*,understated,ZA----PA----
40079,*,undertaking,ZN-S3-PP----
40099,*,underwhelming,ZN-S3-PP----
40132,*,unearthing,ZN-S3-PP----
40167,*,unfolding,ZN-S3-PP----
40179,*,unfurling,ZN-S3-PP----
40206,*,unified,ZA----PA----
40223,*,united,ZA----PA----
40255,*,unloading,ZN-S3-PP----
40259,*,unlocking,ZN-S3-PP----
40277,*,unnerved,ZA----PA----
40283,*,unpacking,ZN-S3-PP----
40300,*,unravelling,ZN-S3-PP----
40312,*,unrolling,ZN-S3-PP----
40362,*,unveiling,ZN-S3-PP----
40367,*,unwinding,ZN-S3-PP----
40382,*,upbraiding,ZN-S3-PP----
40395,*,upgrading,ZA----PP----
40400,*,upholding,ZN-S3-PP----
40405,*,upholstering,ZN-S3-PP----
40422,*,uprooting,ZN-S3-PP----
40440,*,urbanised,ZA----PA----
40446,*,urbanized,ZA----PA----
40458,*,urging,ZA----PP----
40464,*,urinated,ZA----PA----
40478,*,using,ZA----PP----
40486,*,usurping,ZN-S3-PP----
40495,*,utilised,ZA----PA----
40501,*,utilized,ZA----PA----
40508,*,uttering,ZN-S3-PP----
40515,*,vacated,ZA----PA----
40523,*,vaccinated,ZA----PA----
40565,*,valuing,ZA----PP----
40576,*,vandalised,ZA----PA----
40585,*,vanished,ZA----PA----
40591,*,vanquishing,ZN-S3-PP----
40615,*,varied,ZA----PA----
40639,*,vaunting,ZN-S3-PP----
40650,*,vegetated,ZA----PA----
40668,*,vending,ZN-S3-PP----
40680,*,venting,ZN-S3-PP----
40707,*,verified,ZA----PA----
40747,*,vetoing,ZA----PP----
40773,*,victimised,ZA----PA----
40779,*,victimized,ZA----PA----
40797,*,videotaping,ZA----PP----
40803,*,vied,ZA----PA----
40821,*,vilified,ZA----PA----
40831,*,vindicated,ZA----PA----
40844,*,violated,ZA----PA----
40888,*,visualised,ZA----PA----
40893,*,visualized,ZA----PA----
40914,*,vocalised,ZA----PA----
40920,*,vocalized,ZA----PA----
40930,*,voicing,ZA----PP----
40935,*,voiding,ZN-S3-PP----
40966,*,voting,ZA----PP----
40993,*,waddled,ZA----PA----
41008,*,wafting,ZN-S3-PP----
41022,*,waggled,ZA----PA----
41046,*,waiving,ZA----PP----
41052,*,waking,ZA----PP----
41062,*,wakening,ZN-S3-PP----
41089,*,walloping,ZN-S3-PP----
41108,*,wandering,ZN-S3-PP----
41121,*,wanking,ZN-S3-PP----
41126,*,wanting,ZN-S3-PP----
41133,*,warbled,ZA----PA----
41162,*,warning,ZN-S3-PP----
41238,*,waterproofing,ZN-S3-PP----
41260,*,wavering,ZN-S3-PP----
41276,*,waylaying,ZN-S3-PP----
41287,*,weakening,ZN-S3-PP----
41300,*,weaning,ZN-S3-PP----
41304,*,wearing,ZA----PP----
41322,*,weaving,ZN-S3-PP----
41336,*,wedding,ZN-S3-PP----
41342,*,wedging,ZA----PP----
41368,*,weeping,ZN-S3-PP----
41375,*,weighing,ZN-S3-PP----
41392,*,welched,ZA----PA----
41400,*,welding,ZN-S3-PP----
41428,*,wending,ZN-S3-PP----
41434,*,westernised,ZA----PA----
41462,*,wheedled,ZA----PA----
41501,*,whingeing,ZN-S3-PP----
41524,*,whisking,ZN-S3-PP----
41547,*,whitening,ZN-S3-PP----
41556,*,whittled,ZA----PA----
41573,*,whizzing,ZA----PP----
41583,*,wholesaling,ZA----PP----
41588,*,whooping,ZN-S3-PP----
41608,*,widening,ZN-S3-PP----
41616,*,wielding,ZN-S3-PP----
41650,*,wilting,ZN-S3-PP----
41703,*,winking,ZN-S3-PP----
41714,*,winnowing,ZN-S3-PP----
41767,*,withering,ZN-S3-PP----
41772,*,withholding,ZN-S3-PP----
41775,*,withstanding,ZN-S3-PP----
41781,*,witnessing,ZA----PP----
41786,*,wittering,ZN-S3-PP----
41805,*,wolfing,ZN-S3-PP----
41816,*,womanised,ZA----PA----
41917,*,worsening,ZN-S3-PP----
41940,*,wowing,ZN-S3-PP----
41946,*,wracking,ZN-S3-PP----
41960,*,wreaking,ZN-S3-PP----
41965,*,wreathed,ZA----PA----
41979,*,wresting,ZN-S3-PP----
41988,*,wriggled,ZA----PA----
41993,*,wringing,ZA----PP----
42001,*,wrinkling,ZA----PP----
42048,*,yammering,ZN-S3-PP----
42053,*,yanking,ZN-S3-PP----
42060,*,yapping,ZN-S3-PP----
42078,*,yearning,ZN-S3-PP----
42085,*,yelling,ZN-S3-PP----
42095,*,yelping,ZN-S3-PP----
42115,*,yodelling,ZN-S3-PP----
42153,*,zapping,ZN-S3-PP----
42163,*,zeroed,ZA----PA----
42171,*,zigzagging,ZN-S3-PP----
42187,*,zoning,ZA----PP----
42194,*,zooming,ZN-S3-PP----
